"LINK CODE","ADVERTISER","LINK NAME","LINK ID","RETAIL PRICE","CATEGORY"
"<a href=""https://click.linksynergy.com/link?id=DEoPybET1Dw&offerid=777348.8809685813552&type=2&murl=https%3A%2F%2Fwww.bloomingdales.com%2Fshop%2Fproduct%2Fsulwhasoo-timetreasure-honorstige-serum-1.35-oz.%3FID%3D3690760%26PartnerID%3DLINKSHARE%26cm_mmc%3DLINKSHARE-_-n-_-n-_-n"" rel=""nofollow""><IMG border=0 src=""https://images.bloomingdalesassets.com/is/image/BLM/products/2/optimized/12177652_fpx.tif?wid=300&qlt=100,0&layer=comp&op_sharpen=0&resMode=bilin&op_usm=0.7,1.0,0.5,0&fmt=jpeg&4msn=.jpg"" ></a><IMG border=0 width=1 height=1 src=""https://ad.linksynergy.com/fs-bin/show?id=DEoPybET1Dw&bids=777348.8809685813552&type=2&subid=0"" >","Bloomingdale's","Sulwhasoo Timetreasure Honorstige Serum 1.35 oz.","8809685813552","800.0","Beauty & Cosmetics"
"<a href=""https://click.linksynergy.com/link?id=DEoPybET1Dw&offerid=777348.701666330127&type=2&murl=https%3A%2F%2Fwww.bloomingdales.com%2Fshop%2Fproduct%2Famouage-portrayal-woman-eau-de-parfum%3FID%3D3489157%26PartnerID%3DLINKSHARE%26cm_mmc%3DLINKSHARE-_-n-_-n-_-n"" rel=""nofollow""><IMG border=0 src=""https://images.bloomingdalesassets.com/is/image/BLM/products/7/optimized/10537397_fpx.tif?wid=300&qlt=100,0&layer=comp&op_sharpen=0&resMode=bilin&op_usm=0.7,1.0,0.5,0&fmt=jpeg&4msn=.jpg"" ></a><IMG border=0 width=1 height=1 src=""https://ad.linksynergy.com/fs-bin/show?id=DEoPybET1Dw&bids=777348.701666330127&type=2&subid=0"" >","Bloomingdale's","Amouage Portrayal Woman Eau de Parfum","701666330127","360.0","Beauty & Cosmetics"
"<a href=""https://click.linksynergy.com/link?id=DEoPybET1Dw&offerid=777348.3700135016934&type=2&murl=https%3A%2F%2Fwww.bloomingdales.com%2Fshop%2Fproduct%2Ffrederic-malle-synthetic-jungle-perfume-3.4-fl-oz%3FID%3D4133376%26PartnerID%3DLINKSHARE%26cm_mmc%3DLINKSHARE-_-n-_-n-_-n"" rel=""nofollow""><IMG border=0 src=""https://images.bloomingdalesassets.com/is/image/BLM/products/7/optimized/11680917_fpx.tif?wid=300&qlt=100,0&layer=comp&op_sharpen=0&resMode=bilin&op_usm=0.7,1.0,0.5,0&fmt=jpeg&4msn=.jpg"" ></a><IMG border=0 width=1 height=1 src=""https://ad.linksynergy.com/fs-bin/show?id=DEoPybET1Dw&bids=777348.3700135016934&type=2&subid=0"" >","Bloomingdale's","Frederic Malle Synthetic Jungle Perfume, 3.4 fl oz","3700135016934","295.0","Beauty & Cosmetics"
"<a href=""https://click.linksynergy.com/link?id=DEoPybET1Dw&offerid=777348.22548396773&type=2&murl=https%3A%2F%2Fwww.bloomingdales.com%2Fshop%2Fproduct%2Fermenegildo-zegna-essenze-florentine-iris-eau-de-parfum-3.4-oz.%3FID%3D3227602%26PartnerID%3DLINKSHARE%26cm_mmc%3DLINKSHARE-_-n-_-n-_-n"" rel=""nofollow""><IMG border=0 src=""https://images.bloomingdalesassets.com/is/image/BLM/products/9/optimized/10188109_fpx.tif?wid=300&qlt=100,0&layer=comp&op_sharpen=0&resMode=bilin&op_usm=0.7,1.0,0.5,0&fmt=jpeg&4msn=.jpg"" ></a><IMG border=0 width=1 height=1 src=""https://ad.linksynergy.com/fs-bin/show?id=DEoPybET1Dw&bids=777348.22548396773&type=2&subid=0"" >","Bloomingdale's","Ermenegildo Zegna Essenze Florentine Iris Eau de Parfum 3.4 oz.","22548396773","260.0","Beauty & Cosmetics"
"<a href=""https://click.linksynergy.com/link?id=DEoPybET1Dw&offerid=777348.8681008055012&type=2&murl=https%3A%2F%2Fwww.bloomingdales.com%2Fshop%2Fproduct%2Fnishane-vain-naive-extrait-de-parfum-1.7-oz.%3FID%3D4226106%26PartnerID%3DLINKSHARE%26cm_mmc%3DLINKSHARE-_-n-_-n-_-n"" rel=""nofollow""><IMG border=0 src=""https://images.bloomingdalesassets.com/is/image/BLM/products/2/optimized/11864022_fpx.tif?wid=300&qlt=100,0&layer=comp&op_sharpen=0&resMode=bilin&op_usm=0.7,1.0,0.5,0&fmt=jpeg&4msn=.jpg"" ></a><IMG border=0 width=1 height=1 src=""https://ad.linksynergy.com/fs-bin/show?id=DEoPybET1Dw&bids=777348.8681008055012&type=2&subid=0"" >","Bloomingdale's","Nishane Vain & Naive Extrait de Parfum 1.7 oz.","8681008055012","235.0","Beauty & Cosmetics"
"<a href=""https://click.linksynergy.com/link?id=DEoPybET1Dw&offerid=777348.5056245021435&type=2&murl=https%3A%2F%2Fwww.bloomingdales.com%2Fshop%2Fproduct%2Fpenhaligons-luna-eau-de-toilette%3FID%3D1756709%26PartnerID%3DLINKSHARE%26cm_mmc%3DLINKSHARE-_-n-_-n-_-n"" rel=""nofollow""><IMG border=0 src=""https://images.bloomingdalesassets.com/is/image/BLM/products/1/optimized/9169781_fpx.tif?wid=300&qlt=100,0&layer=comp&op_sharpen=0&resMode=bilin&op_usm=0.7,1.0,0.5,0&fmt=jpeg&4msn=.jpg"" ></a><IMG border=0 width=1 height=1 src=""https://ad.linksynergy.com/fs-bin/show?id=DEoPybET1Dw&bids=777348.5056245021435&type=2&subid=0"" >","Bloomingdale's","Penhaligon's Luna Eau de Toilette","5056245021435","215.0","Beauty & Cosmetics"
"<a href=""https://click.linksynergy.com/link?id=DEoPybET1Dw&offerid=777348.3700076454284&type=2&murl=https%3A%2F%2Fwww.bloomingdales.com%2Fshop%2Fproduct%2Fby-terry-eclat-opulent-nutri-lifting-foundation%3FID%3D699511%26PartnerID%3DLINKSHARE%26cm_mmc%3DLINKSHARE-_-n-_-n-_-n"" rel=""nofollow""><IMG border=0 src=""https://images.bloomingdalesassets.com/is/image/BLM/products/4/optimized/8286254_fpx.tif?wid=300&qlt=100,0&layer=comp&op_sharpen=0&resMode=bilin&op_usm=0.7,1.0,0.5,0&fmt=jpeg&4msn=.jpg"" ></a><IMG border=0 width=1 height=1 src=""https://ad.linksynergy.com/fs-bin/show?id=DEoPybET1Dw&bids=777348.3700076454284&type=2&subid=0"" >","Bloomingdale's","By Terry Eclat Opulent Nutri-Lifting Foundation","3700076454284","155.0","Beauty & Cosmetics"
"<a href=""https://click.linksynergy.com/link?id=DEoPybET1Dw&offerid=777348.8028713570070&type=2&murl=https%3A%2F%2Fwww.bloomingdales.com%2Fshop%2Fproduct%2Facqua-di-parma-blu-mediterraneo-mirto-di-panarea-eau-de-toilette-spray-2.5-oz.%3FID%3D607258%26PartnerID%3DLINKSHARE%26cm_mmc%3DLINKSHARE-_-n-_-n-_-n"" rel=""nofollow""><IMG border=0 src=""https://images.bloomingdalesassets.com/is/image/BLM/products/5/optimized/1277255_fpx.tif?wid=300&qlt=100,0&layer=comp&op_sharpen=0&resMode=bilin&op_usm=0.7,1.0,0.5,0&fmt=jpeg&4msn=.jpg"" ></a><IMG border=0 width=1 height=1 src=""https://ad.linksynergy.com/fs-bin/show?id=DEoPybET1Dw&bids=777348.8028713570070&type=2&subid=0"" >","Bloomingdale's","Acqua di Parma Blu Mediterraneo Mirto di Panarea Eau de Toilette Spray 2.5 oz.","8028713570070","137.0","Beauty & Cosmetics"
"<a href=""https://click.linksynergy.com/link?id=DEoPybET1Dw&offerid=777348.817494015065&type=2&murl=https%3A%2F%2Fwww.bloomingdales.com%2Fshop%2Fproduct%2Fsunday-riley-c.e.o.-15-vitamin-c-brightening-serum-1.7-oz.%3FID%3D3898114%26PartnerID%3DLINKSHARE%26cm_mmc%3DLINKSHARE-_-n-_-n-_-n"" rel=""nofollow""><IMG border=0 src=""https://images.bloomingdalesassets.com/is/image/BLM/products/7/optimized/11591257_fpx.tif?wid=300&qlt=100,0&layer=comp&op_sharpen=0&resMode=bilin&op_usm=0.7,1.0,0.5,0&fmt=jpeg&4msn=.jpg"" ></a><IMG border=0 width=1 height=1 src=""https://ad.linksynergy.com/fs-bin/show?id=DEoPybET1Dw&bids=777348.817494015065&type=2&subid=0"" >","Bloomingdale's","Sunday Riley C.e.o. 15% Vitamin C Brightening Serum 1.7 oz.","817494015065","122.0","Beauty & Cosmetics"
"<a href=""https://click.linksynergy.com/link?id=DEoPybET1Dw&offerid=777348.8028713520433&type=2&murl=https%3A%2F%2Fwww.bloomingdales.com%2Fshop%2Fproduct%2Facqua-di-parma-barbiere-multi-action-face-cream-1.7-oz.%3FID%3D3929516%26PartnerID%3DLINKSHARE%26cm_mmc%3DLINKSHARE-_-n-_-n-_-n"" rel=""nofollow""><IMG border=0 src=""https://images.bloomingdalesassets.com/is/image/BLM/products/5/optimized/11341395_fpx.tif?wid=300&qlt=100,0&layer=comp&op_sharpen=0&resMode=bilin&op_usm=0.7,1.0,0.5,0&fmt=jpeg&4msn=.jpg"" ></a><IMG border=0 width=1 height=1 src=""https://ad.linksynergy.com/fs-bin/show?id=DEoPybET1Dw&bids=777348.8028713520433&type=2&subid=0"" >","Bloomingdale's","Acqua di Parma Barbiere Multi Action Face Cream 1.7 oz.","8028713520433","128.0","Beauty & Cosmetics"
"<a href=""https://click.linksynergy.com/link?id=DEoPybET1Dw&offerid=777348.3386460127950&type=2&murl=https%3A%2F%2Fwww.bloomingdales.com%2Fshop%2Fproduct%2Fmontblanc-legend-red-eau-de-parfum-spray-3.3-oz.%3FID%3D4240589%26PartnerID%3DLINKSHARE%26cm_mmc%3DLINKSHARE-_-n-_-n-_-n"" rel=""nofollow""><IMG border=0 src=""https://images.bloomingdalesassets.com/is/image/BLM/products/4/optimized/11875624_fpx.tif?wid=300&qlt=100,0&layer=comp&op_sharpen=0&resMode=bilin&op_usm=0.7,1.0,0.5,0&fmt=jpeg&4msn=.jpg"" ></a><IMG border=0 width=1 height=1 src=""https://ad.linksynergy.com/fs-bin/show?id=DEoPybET1Dw&bids=777348.3386460127950&type=2&subid=0"" >","Bloomingdale's","Montblanc Legend Red Eau de Parfum Spray 3.3 oz.","3386460127950","100.0","Beauty & Cosmetics"
"<a href=""https://click.linksynergy.com/link?id=DEoPybET1Dw&offerid=777348.8028713250538&type=2&murl=https%3A%2F%2Fwww.bloomingdales.com%2Fshop%2Fproduct%2Facqua-di-parma-colonia-perfumed-soap-gift-set%3FID%3D3241743%26PartnerID%3DLINKSHARE%26cm_mmc%3DLINKSHARE-_-n-_-n-_-n"" rel=""nofollow""><IMG border=0 src=""https://images.bloomingdalesassets.com/is/image/BLM/products/4/optimized/11202924_fpx.tif?wid=300&qlt=100,0&layer=comp&op_sharpen=0&resMode=bilin&op_usm=0.7,1.0,0.5,0&fmt=jpeg&4msn=.jpg"" ></a><IMG border=0 width=1 height=1 src=""https://ad.linksynergy.com/fs-bin/show?id=DEoPybET1Dw&bids=777348.8028713250538&type=2&subid=0"" >","Bloomingdale's","Acqua di Parma Colonia Perfumed Soap Gift Set","8028713250538","74.0","Beauty & Cosmetics"
"<a href=""https://click.linksynergy.com/link?id=DEoPybET1Dw&offerid=777348.817494011661&type=2&murl=https%3A%2F%2Fwww.bloomingdales.com%2Fshop%2Fproduct%2Fsunday-riley-c.e.o.-vitamin-c-brightening-serum%3FID%3D3096870%26PartnerID%3DLINKSHARE%26cm_mmc%3DLINKSHARE-_-n-_-n-_-n"" rel=""nofollow""><IMG border=0 src=""https://images.bloomingdalesassets.com/is/image/BLM/products/5/optimized/10348565_fpx.tif?wid=300&qlt=100,0&layer=comp&op_sharpen=0&resMode=bilin&op_usm=0.7,1.0,0.5,0&fmt=jpeg&4msn=.jpg"" ></a><IMG border=0 width=1 height=1 src=""https://ad.linksynergy.com/fs-bin/show?id=DEoPybET1Dw&bids=777348.817494011661&type=2&subid=0"" >","Bloomingdale's","Sunday Riley C.e.o. Vitamin C Brightening Serum","817494011661","85.0","Beauty & Cosmetics"
"<a href=""https://click.linksynergy.com/link?id=DEoPybET1Dw&offerid=777348.3348900627505&type=2&murl=https%3A%2F%2Fwww.bloomingdales.com%2Fshop%2Fproduct%2Fdior-eau-sauvage-cologne-atomizer%3FID%3D479469%26PartnerID%3DLINKSHARE%26cm_mmc%3DLINKSHARE-_-n-_-n-_-n"" rel=""nofollow""><IMG border=0 src=""https://images.bloomingdalesassets.com/is/image/BLM/products/5/optimized/1061995_fpx.tif?wid=300&qlt=100,0&layer=comp&op_sharpen=0&resMode=bilin&op_usm=0.7,1.0,0.5,0&fmt=jpeg&4msn=.jpg"" ></a><IMG border=0 width=1 height=1 src=""https://ad.linksynergy.com/fs-bin/show?id=DEoPybET1Dw&bids=777348.3348900627505&type=2&subid=0"" >","Bloomingdale's","Dior Eau Sauvage Cologne Atomizer","3348900627505","82.0","Beauty & Cosmetics"
"<a href=""https://click.linksynergy.com/link?id=DEoPybET1Dw&offerid=777348.838810022529&type=2&murl=https%3A%2F%2Fwww.bloomingdales.com%2Fshop%2Fproduct%2Fsimplehuman-sensor-mirror-compact-3x-magnification%3FID%3D3998114%26PartnerID%3DLINKSHARE%26cm_mmc%3DLINKSHARE-_-n-_-n-_-n"" rel=""nofollow""><IMG border=0 src=""https://images.bloomingdalesassets.com/is/image/BLM/products/7/optimized/11466537_fpx.tif?wid=300&qlt=100,0&layer=comp&op_sharpen=0&resMode=bilin&op_usm=0.7,1.0,0.5,0&fmt=jpeg&4msn=.jpg"" ></a><IMG border=0 width=1 height=1 src=""https://ad.linksynergy.com/fs-bin/show?id=DEoPybET1Dw&bids=777348.838810022529&type=2&subid=0"" >","Bloomingdale's","simplehuman Sensor Mirror Compact 3x Magnification","838810022529","80.0","Beauty & Cosmetics"
"<a href=""https://click.linksynergy.com/link?id=DEoPybET1Dw&offerid=777348.851371002229&type=2&murl=https%3A%2F%2Fwww.bloomingdales.com%2Fshop%2Fproduct%2Ftata-harper-refreshing-cleanser%3FID%3D449505%26PartnerID%3DLINKSHARE%26cm_mmc%3DLINKSHARE-_-n-_-n-_-n"" rel=""nofollow""><IMG border=0 src=""https://images.bloomingdalesassets.com/is/image/BLM/products/3/optimized/9894163_fpx.tif?wid=300&qlt=100,0&layer=comp&op_sharpen=0&resMode=bilin&op_usm=0.7,1.0,0.5,0&fmt=jpeg&4msn=.jpg"" ></a><IMG border=0 width=1 height=1 src=""https://ad.linksynergy.com/fs-bin/show?id=DEoPybET1Dw&bids=777348.851371002229&type=2&subid=0"" >","Bloomingdale's","Tata Harper Refreshing Cleanser","851371002229","86.0","Beauty & Cosmetics"
"<a href=""https://click.linksynergy.com/link?id=DEoPybET1Dw&offerid=777348.889809006648&type=2&murl=https%3A%2F%2Fwww.bloomingdales.com%2Fshop%2Fproduct%2Fglamglow-supermud-clearing-treatment-mask-3.5-oz.%3FID%3D2875737%26PartnerID%3DLINKSHARE%26cm_mmc%3DLINKSHARE-_-n-_-n-_-n"" rel=""nofollow""><IMG border=0 src=""https://images.bloomingdalesassets.com/is/image/BLM/products/8/optimized/9785368_fpx.tif?wid=300&qlt=100,0&layer=comp&op_sharpen=0&resMode=bilin&op_usm=0.7,1.0,0.5,0&fmt=jpeg&4msn=.jpg"" ></a><IMG border=0 width=1 height=1 src=""https://ad.linksynergy.com/fs-bin/show?id=DEoPybET1Dw&bids=777348.889809006648&type=2&subid=0"" >","Bloomingdale's","Glamglow Supermud Clearing Treatment Mask 3.5 oz.","889809006648","86.0","Beauty & Cosmetics"
"<a href=""https://click.linksynergy.com/link?id=DEoPybET1Dw&offerid=777348.3605972477491&type=2&murl=https%3A%2F%2Fwww.bloomingdales.com%2Fshop%2Fproduct%2Fkiehls-since-1851-amino-acid-shampoo-refill-33.8-oz.%3FID%3D4144070%26PartnerID%3DLINKSHARE%26cm_mmc%3DLINKSHARE-_-n-_-n-_-n"" rel=""nofollow""><IMG border=0 src=""https://images.bloomingdalesassets.com/is/image/BLM/products/3/optimized/11748183_fpx.tif?wid=300&qlt=100,0&layer=comp&op_sharpen=0&resMode=bilin&op_usm=0.7,1.0,0.5,0&fmt=jpeg&4msn=.jpg"" ></a><IMG border=0 width=1 height=1 src=""https://ad.linksynergy.com/fs-bin/show?id=DEoPybET1Dw&bids=777348.3605972477491&type=2&subid=0"" >","Bloomingdale's","Kiehl's Since 1851 Amino Acid Shampoo Refill 33.8 oz.","3605972477491","58.0","Beauty & Cosmetics"
"<a href=""https://click.linksynergy.com/link?id=DEoPybET1Dw&offerid=777348.3348901377034&type=2&murl=https%3A%2F%2Fwww.bloomingdales.com%2Fshop%2Fproduct%2Fdior-diorskin-airflash-spray-foundation%3FID%3D90581%26PartnerID%3DLINKSHARE%26cm_mmc%3DLINKSHARE-_-n-_-n-_-n"" rel=""nofollow""><IMG border=0 src=""https://images.bloomingdalesassets.com/is/image/BLM/products/8/optimized/9899734_fpx.tif?wid=300&qlt=100,0&layer=comp&op_sharpen=0&resMode=bilin&op_usm=0.7,1.0,0.5,0&fmt=jpeg&4msn=.jpg"" ></a><IMG border=0 width=1 height=1 src=""https://ad.linksynergy.com/fs-bin/show?id=DEoPybET1Dw&bids=777348.3348901377034&type=2&subid=0"" >","Bloomingdale's","Dior Diorskin Airflash Spray Foundation","3348901377034","62.0","Beauty & Cosmetics"
"<a href=""https://click.linksynergy.com/link?id=DEoPybET1Dw&offerid=777348.94800360563&type=2&murl=https%3A%2F%2Fwww.bloomingdales.com%2Fshop%2Fproduct%2Fstila-holiday-bounty-stay-all-day-eye-brow-set%3FID%3D4132908%26PartnerID%3DLINKSHARE%26cm_mmc%3DLINKSHARE-_-n-_-n-_-n"" rel=""nofollow""><IMG border=0 src=""https://images.bloomingdalesassets.com/is/image/BLM/products/5/optimized/11754295_fpx.tif?wid=300&qlt=100,0&layer=comp&op_sharpen=0&resMode=bilin&op_usm=0.7,1.0,0.5,0&fmt=jpeg&4msn=.jpg"" ></a><IMG border=0 width=1 height=1 src=""https://ad.linksynergy.com/fs-bin/show?id=DEoPybET1Dw&bids=777348.94800360563&type=2&subid=0"" >","Bloomingdale's","Stila Holiday Bounty Stay All Day Eye & Brow Set","94800360563","24.5","Beauty & Cosmetics"
"<a href=""https://click.linksynergy.com/link?id=DEoPybET1Dw&offerid=777348.8028713470233&type=2&murl=https%3A%2F%2Fwww.bloomingdales.com%2Fshop%2Fproduct%2Facqua-di-parma-magnolia-nobile-hair-mist-1.7-oz.%3FID%3D3700913%26PartnerID%3DLINKSHARE%26cm_mmc%3DLINKSHARE-_-n-_-n-_-n"" rel=""nofollow""><IMG border=0 src=""https://images.bloomingdalesassets.com/is/image/BLM/products/5/optimized/10968475_fpx.tif?wid=300&qlt=100,0&layer=comp&op_sharpen=0&resMode=bilin&op_usm=0.7,1.0,0.5,0&fmt=jpeg&4msn=.jpg"" ></a><IMG border=0 width=1 height=1 src=""https://ad.linksynergy.com/fs-bin/show?id=DEoPybET1Dw&bids=777348.8028713470233&type=2&subid=0"" >","Bloomingdale's","Acqua di Parma Magnolia Nobile Hair Mist 1.7 oz.","8028713470233","65.0","Beauty & Cosmetics"
"<a href=""https://click.linksynergy.com/link?id=DEoPybET1Dw&offerid=777348.817494013986&type=2&murl=https%3A%2F%2Fwww.bloomingdales.com%2Fshop%2Fproduct%2Fsunday-riley-ice-ceramide-moisturizing-cream-1.7-oz.%3FID%3D3687956%26PartnerID%3DLINKSHARE%26cm_mmc%3DLINKSHARE-_-n-_-n-_-n"" rel=""nofollow""><IMG border=0 src=""https://images.bloomingdalesassets.com/is/image/BLM/products/3/optimized/10890643_fpx.tif?wid=300&qlt=100,0&layer=comp&op_sharpen=0&resMode=bilin&op_usm=0.7,1.0,0.5,0&fmt=jpeg&4msn=.jpg"" ></a><IMG border=0 width=1 height=1 src=""https://ad.linksynergy.com/fs-bin/show?id=DEoPybET1Dw&bids=777348.817494013986&type=2&subid=0"" >","Bloomingdale's","Sunday Riley Ice Ceramide Moisturizing Cream 1.7 oz.","817494013986","65.0","Beauty & Cosmetics"
"<a href=""https://click.linksynergy.com/link?id=DEoPybET1Dw&offerid=777348.3700135003170&type=2&murl=https%3A%2F%2Fwww.bloomingdales.com%2Fshop%2Fproduct%2Ffrederic-malle-lipstick-rose-eau-de-parfum-travel-case-refill%3FID%3D2800277%26PartnerID%3DLINKSHARE%26cm_mmc%3DLINKSHARE-_-n-_-n-_-n"" rel=""nofollow""><IMG border=0 src=""https://images.bloomingdalesassets.com/is/image/BLM/products/1/optimized/9725671_fpx.tif?wid=300&qlt=100,0&layer=comp&op_sharpen=0&resMode=bilin&op_usm=0.7,1.0,0.5,0&fmt=jpeg&4msn=.jpg"" ></a><IMG border=0 width=1 height=1 src=""https://ad.linksynergy.com/fs-bin/show?id=DEoPybET1Dw&bids=777348.3700135003170&type=2&subid=0"" >","Bloomingdale's","Frederic Malle Lipstick Rose Eau de Parfum Travel Case Refill","3700135003170","58.0","Beauty & Cosmetics"
"<a href=""https://click.linksynergy.com/link?id=DEoPybET1Dw&offerid=777348.889809000110&type=2&murl=https%3A%2F%2Fwww.bloomingdales.com%2Fshop%2Fproduct%2Fglamglow-pore-parazzi-clear-skin-in-a-flash-gift-set-102-value%3FID%3D4132867%26PartnerID%3DLINKSHARE%26cm_mmc%3DLINKSHARE-_-n-_-n-_-n"" rel=""nofollow""><IMG border=0 src=""https://images.bloomingdalesassets.com/is/image/BLM/products/2/optimized/11772912_fpx.tif?wid=300&qlt=100,0&layer=comp&op_sharpen=0&resMode=bilin&op_usm=0.7,1.0,0.5,0&fmt=jpeg&4msn=.jpg"" ></a><IMG border=0 width=1 height=1 src=""https://ad.linksynergy.com/fs-bin/show?id=DEoPybET1Dw&bids=777348.889809000110&type=2&subid=0"" >","Bloomingdale's","Glamglow Pore-Parazzi Clear Skin in a Flash Gift Set ($102 value)","889809000110","60.0","Beauty & Cosmetics"
"<a href=""https://click.linksynergy.com/link?id=DEoPybET1Dw&offerid=777348.8028713250637&type=2&murl=https%3A%2F%2Fwww.bloomingdales.com%2Fshop%2Fproduct%2Facqua-di-parma-colonia-hand-wash%3FID%3D3383943%26PartnerID%3DLINKSHARE%26cm_mmc%3DLINKSHARE-_-n-_-n-_-n"" rel=""nofollow""><IMG border=0 src=""https://images.bloomingdalesassets.com/is/image/BLM/products/2/optimized/10372032_fpx.tif?wid=300&qlt=100,0&layer=comp&op_sharpen=0&resMode=bilin&op_usm=0.7,1.0,0.5,0&fmt=jpeg&4msn=.jpg"" ></a><IMG border=0 width=1 height=1 src=""https://ad.linksynergy.com/fs-bin/show?id=DEoPybET1Dw&bids=777348.8028713250637&type=2&subid=0"" >","Bloomingdale's","Acqua di Parma Colonia Hand Wash","8028713250637","60.0","Beauty & Cosmetics"
"<a href=""https://click.linksynergy.com/link?id=DEoPybET1Dw&offerid=777348.3614272873506&type=2&murl=https%3A%2F%2Fwww.bloomingdales.com%2Fshop%2Fproduct%2Flancome-renergie-lift-makeup-foundation%3FID%3D3624305%26PartnerID%3DLINKSHARE%26cm_mmc%3DLINKSHARE-_-n-_-n-_-n"" rel=""nofollow""><IMG border=0 src=""https://images.bloomingdalesassets.com/is/image/BLM/products/8/optimized/10775673_fpx.tif?wid=300&qlt=100,0&layer=comp&op_sharpen=0&resMode=bilin&op_usm=0.7,1.0,0.5,0&fmt=jpeg&4msn=.jpg"" ></a><IMG border=0 width=1 height=1 src=""https://ad.linksynergy.com/fs-bin/show?id=DEoPybET1Dw&bids=777348.3614272873506&type=2&subid=0"" >","Bloomingdale's","Lancome Renergie Lift Makeup Foundation","3614272873506","55.0","Beauty & Cosmetics"
"<a href=""https://click.linksynergy.com/link?id=DEoPybET1Dw&offerid=777348.3274872405097&type=2&murl=https%3A%2F%2Fwww.bloomingdales.com%2Fshop%2Fproduct%2Fgivenchy-prisme-libre-finishing-setting-powder%3FID%3D3466358%26PartnerID%3DLINKSHARE%26cm_mmc%3DLINKSHARE-_-n-_-n-_-n"" rel=""nofollow""><IMG border=0 src=""https://images.bloomingdalesassets.com/is/image/BLM/products/4/optimized/11000449_fpx.tif?wid=300&qlt=100,0&layer=comp&op_sharpen=0&resMode=bilin&op_usm=0.7,1.0,0.5,0&fmt=jpeg&4msn=.jpg"" ></a><IMG border=0 width=1 height=1 src=""https://ad.linksynergy.com/fs-bin/show?id=DEoPybET1Dw&bids=777348.3274872405097&type=2&subid=0"" >","Bloomingdale's","Givenchy Prisme Libre Finishing & Setting Powder","3274872405097","58.0","Beauty & Cosmetics"
"<a href=""https://click.linksynergy.com/link?id=DEoPybET1Dw&offerid=777348.641628401598&type=2&murl=https%3A%2F%2Fwww.bloomingdales.com%2Fshop%2Fproduct%2Felemis-pro-collagen-cleansing-balm-summer-bloom-3.5-oz.%3FID%3D4319698%26PartnerID%3DLINKSHARE%26cm_mmc%3DLINKSHARE-_-n-_-n-_-n"" rel=""nofollow""><IMG border=0 src=""https://images.bloomingdalesassets.com/is/image/BLM/products/4/optimized/12040304_fpx.tif?wid=300&qlt=100,0&layer=comp&op_sharpen=0&resMode=bilin&op_usm=0.7,1.0,0.5,0&fmt=jpeg&4msn=.jpg"" ></a><IMG border=0 width=1 height=1 src=""https://ad.linksynergy.com/fs-bin/show?id=DEoPybET1Dw&bids=777348.641628401598&type=2&subid=0"" >","Bloomingdale's","Elemis Pro-Collagen Cleansing Balm Summer Bloom 3.5 oz.","641628401598","64.0","Beauty & Cosmetics"
"<a href=""https://click.linksynergy.com/link?id=DEoPybET1Dw&offerid=777348.8028713400223&type=2&murl=https%3A%2F%2Fwww.bloomingdales.com%2Fshop%2Fproduct%2Facqua-di-parma-peonia-nobile-hair-mist-1.7-oz.%3FID%3D3700911%26PartnerID%3DLINKSHARE%26cm_mmc%3DLINKSHARE-_-n-_-n-_-n"" rel=""nofollow""><IMG border=0 src=""https://images.bloomingdalesassets.com/is/image/BLM/products/2/optimized/10968472_fpx.tif?wid=300&qlt=100,0&layer=comp&op_sharpen=0&resMode=bilin&op_usm=0.7,1.0,0.5,0&fmt=jpeg&4msn=.jpg"" ></a><IMG border=0 width=1 height=1 src=""https://ad.linksynergy.com/fs-bin/show?id=DEoPybET1Dw&bids=777348.8028713400223&type=2&subid=0"" >","Bloomingdale's","Acqua di Parma Peonia Nobile Hair Mist 1.7 oz.","8028713400223","65.0","Beauty & Cosmetics"
"<a href=""https://click.linksynergy.com/link?id=DEoPybET1Dw&offerid=777348.3274872393974&type=2&murl=https%3A%2F%2Fwww.bloomingdales.com%2Fshop%2Fproduct%2Fgivenchy-le-9-de-givenchy-eyeshadow-palette%3FID%3D3639198%26PartnerID%3DLINKSHARE%26cm_mmc%3DLINKSHARE-_-n-_-n-_-n"" rel=""nofollow""><IMG border=0 src=""https://images.bloomingdalesassets.com/is/image/BLM/products/8/optimized/10958298_fpx.tif?wid=300&qlt=100,0&layer=comp&op_sharpen=0&resMode=bilin&op_usm=0.7,1.0,0.5,0&fmt=jpeg&4msn=.jpg"" ></a><IMG border=0 width=1 height=1 src=""https://ad.linksynergy.com/fs-bin/show?id=DEoPybET1Dw&bids=777348.3274872393974&type=2&subid=0"" >","Bloomingdale's","Givenchy Le 9 de Givenchy Eyeshadow Palette","3274872393974","65.0","Beauty & Cosmetics"
"<a href=""https://click.linksynergy.com/link?id=DEoPybET1Dw&offerid=777348.3614272873384&type=2&murl=https%3A%2F%2Fwww.bloomingdales.com%2Fshop%2Fproduct%2Flancome-renergie-lift-makeup-foundation%3FID%3D3624305%26PartnerID%3DLINKSHARE%26cm_mmc%3DLINKSHARE-_-n-_-n-_-n"" rel=""nofollow""><IMG border=0 src=""https://images.bloomingdalesassets.com/is/image/BLM/products/8/optimized/10775661_fpx.tif?wid=300&qlt=100,0&layer=comp&op_sharpen=0&resMode=bilin&op_usm=0.7,1.0,0.5,0&fmt=jpeg&4msn=.jpg"" ></a><IMG border=0 width=1 height=1 src=""https://ad.linksynergy.com/fs-bin/show?id=DEoPybET1Dw&bids=777348.3614272873384&type=2&subid=0"" >","Bloomingdale's","Lancome Renergie Lift Makeup Foundation","3614272873384","55.0","Beauty & Cosmetics"
"<a href=""https://click.linksynergy.com/link?id=DEoPybET1Dw&offerid=777348.773602225569&type=2&murl=https%3A%2F%2Fwww.bloomingdales.com%2Fshop%2Fproduct%2Fmac-studio-fix-fluid-spf-15-foundation%3FID%3D96652%26PartnerID%3DLINKSHARE%26cm_mmc%3DLINKSHARE-_-n-_-n-_-n"" rel=""nofollow""><IMG border=0 src=""https://images.bloomingdalesassets.com/is/image/BLM/products/0/optimized/12049870_fpx.tif?wid=300&qlt=100,0&layer=comp&op_sharpen=0&resMode=bilin&op_usm=0.7,1.0,0.5,0&fmt=jpeg&4msn=.jpg"" ></a><IMG border=0 width=1 height=1 src=""https://ad.linksynergy.com/fs-bin/show?id=DEoPybET1Dw&bids=777348.773602225569&type=2&subid=0"" >","Bloomingdale's","MAC Studio Fix Fluid Spf 15 Foundation","773602225569","36.0","Beauty & Cosmetics"
"<a href=""https://click.linksynergy.com/link?id=DEoPybET1Dw&offerid=777348.94800355576&type=2&murl=https%3A%2F%2Fwww.bloomingdales.com%2Fshop%2Fproduct%2Fstila-lingerie-souffle-skin-perfecting-color%3FID%3D3277498%26PartnerID%3DLINKSHARE%26cm_mmc%3DLINKSHARE-_-n-_-n-_-n"" rel=""nofollow""><IMG border=0 src=""https://images.bloomingdalesassets.com/is/image/BLM/products/9/optimized/10247598_fpx.tif?wid=300&qlt=100,0&layer=comp&op_sharpen=0&resMode=bilin&op_usm=0.7,1.0,0.5,0&fmt=jpeg&4msn=.jpg"" ></a><IMG border=0 width=1 height=1 src=""https://ad.linksynergy.com/fs-bin/show?id=DEoPybET1Dw&bids=777348.94800355576&type=2&subid=0"" >","Bloomingdale's","Stila Lingerie Souffle Skin Perfecting Color","94800355576","38.0","Beauty & Cosmetics"
"<a href=""https://click.linksynergy.com/link?id=DEoPybET1Dw&offerid=777348.850019720181&type=2&murl=https%3A%2F%2Fwww.bloomingdales.com%2Fshop%2Fproduct%2Fnuface-hydrating-aqua-gel-10-oz.%3FID%3D3901531%26PartnerID%3DLINKSHARE%26cm_mmc%3DLINKSHARE-_-n-_-n-_-n"" rel=""nofollow""><IMG border=0 src=""https://images.bloomingdalesassets.com/is/image/BLM/products/3/optimized/11566473_fpx.tif?wid=300&qlt=100,0&layer=comp&op_sharpen=0&resMode=bilin&op_usm=0.7,1.0,0.5,0&fmt=jpeg&4msn=.jpg"" ></a><IMG border=0 width=1 height=1 src=""https://ad.linksynergy.com/fs-bin/show?id=DEoPybET1Dw&bids=777348.850019720181&type=2&subid=0"" >","Bloomingdale's","NuFace Hydrating Aqua Gel 10 oz.","850019720181","39.0","Beauty & Cosmetics"
"<a href=""https://click.linksynergy.com/link?id=DEoPybET1Dw&offerid=777348.3274872422605&type=2&murl=https%3A%2F%2Fwww.bloomingdales.com%2Fshop%2Fproduct%2Fgivenchy-rose-perfecto-hydrating-lip-balm%3FID%3D4042956%26PartnerID%3DLINKSHARE%26cm_mmc%3DLINKSHARE-_-n-_-n-_-n"" rel=""nofollow""><IMG border=0 src=""https://images.bloomingdalesassets.com/is/image/BLM/products/3/optimized/11510562_fpx.tif?wid=300&qlt=100,0&layer=comp&op_sharpen=0&resMode=bilin&op_usm=0.7,1.0,0.5,0&fmt=jpeg&4msn=.jpg"" ></a><IMG border=0 width=1 height=1 src=""https://ad.linksynergy.com/fs-bin/show?id=DEoPybET1Dw&bids=777348.3274872422605&type=2&subid=0"" >","Bloomingdale's","Givenchy Rose Perfecto Hydrating Lip Balm","3274872422605","37.0","Beauty & Cosmetics"
"<a href=""https://click.linksynergy.com/link?id=DEoPybET1Dw&offerid=777348.887167466777&type=2&murl=https%3A%2F%2Fwww.bloomingdales.com%2Fshop%2Fproduct%2Festee-lauder-futurist-hydra-rescue-moisturizing-makeup-spf-45%3FID%3D3595446%26PartnerID%3DLINKSHARE%26cm_mmc%3DLINKSHARE-_-n-_-n-_-n"" rel=""nofollow""><IMG border=0 src=""https://images.bloomingdalesassets.com/is/image/BLM/products/5/optimized/10780784_fpx.tif?wid=300&qlt=100,0&layer=comp&op_sharpen=0&resMode=bilin&op_usm=0.7,1.0,0.5,0&fmt=jpeg&4msn=.jpg"" ></a><IMG border=0 width=1 height=1 src=""https://ad.linksynergy.com/fs-bin/show?id=DEoPybET1Dw&bids=777348.887167466777&type=2&subid=0"" >","Bloomingdale's","Estee Lauder Futurist Hydra Rescue Moisturizing Makeup Spf 45","887167466777","48.0","Beauty & Cosmetics"
"<a href=""https://click.linksynergy.com/link?id=DEoPybET1Dw&offerid=777348.3614272859098&type=2&murl=https%3A%2F%2Fwww.bloomingdales.com%2Fshop%2Fproduct%2Flancome-teint-idole-ultra-liquid-24h-longwear-spf-15-foundation%3FID%3D1403373%26PartnerID%3DLINKSHARE%26cm_mmc%3DLINKSHARE-_-n-_-n-_-n"" rel=""nofollow""><IMG border=0 src=""https://images.bloomingdalesassets.com/is/image/BLM/products/4/optimized/10630447_fpx.tif?wid=300&qlt=100,0&layer=comp&op_sharpen=0&resMode=bilin&op_usm=0.7,1.0,0.5,0&fmt=jpeg&4msn=.jpg"" ></a><IMG border=0 width=1 height=1 src=""https://ad.linksynergy.com/fs-bin/show?id=DEoPybET1Dw&bids=777348.3614272859098&type=2&subid=0"" >","Bloomingdale's","Lancome Teint Idole Ultra Liquid 24H Longwear Spf 15 Foundation","3614272859098","47.0","Beauty & Cosmetics"
"<a href=""https://click.linksynergy.com/link?id=DEoPybET1Dw&offerid=777348.3700076450941&type=2&murl=https%3A%2F%2Fwww.bloomingdales.com%2Fshop%2Fproduct%2Fby-terry-lip-expert-shine%3FID%3D3260075%26PartnerID%3DLINKSHARE%26cm_mmc%3DLINKSHARE-_-n-_-n-_-n"" rel=""nofollow""><IMG border=0 src=""https://images.bloomingdalesassets.com/is/image/BLM/products/6/optimized/10211146_fpx.tif?wid=300&qlt=100,0&layer=comp&op_sharpen=0&resMode=bilin&op_usm=0.7,1.0,0.5,0&fmt=jpeg&4msn=.jpg"" ></a><IMG border=0 width=1 height=1 src=""https://ad.linksynergy.com/fs-bin/show?id=DEoPybET1Dw&bids=777348.3700076450941&type=2&subid=0"" >","Bloomingdale's","By Terry Lip-Expert Shine","3700076450941","34.0","Beauty & Cosmetics"
"<a href=""https://click.linksynergy.com/link?id=DEoPybET1Dw&offerid=777348.889809000554&type=2&murl=https%3A%2F%2Fwww.bloomingdales.com%2Fshop%2Fproduct%2Fglamglow-muds-just-wanna-have-fun-gift-set-117-value%3FID%3D4132869%26PartnerID%3DLINKSHARE%26cm_mmc%3DLINKSHARE-_-n-_-n-_-n"" rel=""nofollow""><IMG border=0 src=""https://images.bloomingdalesassets.com/is/image/BLM/products/8/optimized/11772938_fpx.tif?wid=300&qlt=100,0&layer=comp&op_sharpen=0&resMode=bilin&op_usm=0.7,1.0,0.5,0&fmt=jpeg&4msn=.jpg"" ></a><IMG border=0 width=1 height=1 src=""https://ad.linksynergy.com/fs-bin/show?id=DEoPybET1Dw&bids=777348.889809000554&type=2&subid=0"" >","Bloomingdale's","Glamglow Muds Just Wanna Have Fun Gift Set ($117 value)","889809000554","49.0","Beauty & Cosmetics"
"<a href=""https://click.linksynergy.com/link?id=DEoPybET1Dw&offerid=777348.3348901609852&type=2&murl=https%3A%2F%2Fwww.bloomingdales.com%2Fshop%2Fproduct%2Fdior-dior-addict-refillable-shine-lipstick%3FID%3D4329521%26PartnerID%3DLINKSHARE%26cm_mmc%3DLINKSHARE-_-n-_-n-_-n"" rel=""nofollow""><IMG border=0 src=""https://images.bloomingdalesassets.com/is/image/BLM/products/7/optimized/12043044_fpx.tif?wid=300&qlt=100,0&layer=comp&op_sharpen=0&resMode=bilin&op_usm=0.7,1.0,0.5,0&fmt=jpeg&4msn=.jpg"" ></a><IMG border=0 width=1 height=1 src=""https://ad.linksynergy.com/fs-bin/show?id=DEoPybET1Dw&bids=777348.3348901609852&type=2&subid=0"" >","Bloomingdale's","Dior Dior Addict Refillable Shine Lipstick","3348901609852","39.0","Beauty & Cosmetics"
"<a href=""https://click.linksynergy.com/link?id=DEoPybET1Dw&offerid=777348.813269020784&type=2&murl=https%3A%2F%2Fwww.bloomingdales.com%2Fshop%2Fproduct%2Ftata-harper-regenerating-cleanser-1.7-oz.%3FID%3D2992312%26PartnerID%3DLINKSHARE%26cm_mmc%3DLINKSHARE-_-n-_-n-_-n"" rel=""nofollow""><IMG border=0 src=""https://images.bloomingdalesassets.com/is/image/BLM/products/7/optimized/11130627_fpx.tif?wid=300&qlt=100,0&layer=comp&op_sharpen=0&resMode=bilin&op_usm=0.7,1.0,0.5,0&fmt=jpeg&4msn=.jpg"" ></a><IMG border=0 width=1 height=1 src=""https://ad.linksynergy.com/fs-bin/show?id=DEoPybET1Dw&bids=777348.813269020784&type=2&subid=0"" >","Bloomingdale's","Tata Harper Regenerating Cleanser 1.7 oz.","813269020784","44.0","Beauty & Cosmetics"
"<a href=""https://click.linksynergy.com/link?id=DEoPybET1Dw&offerid=777348.3614272859067&type=2&murl=https%3A%2F%2Fwww.bloomingdales.com%2Fshop%2Fproduct%2Flancome-teint-idole-ultra-liquid-24h-longwear-spf-15-foundation%3FID%3D1403373%26PartnerID%3DLINKSHARE%26cm_mmc%3DLINKSHARE-_-n-_-n-_-n"" rel=""nofollow""><IMG border=0 src=""https://images.bloomingdalesassets.com/is/image/BLM/products/4/optimized/10630444_fpx.tif?wid=300&qlt=100,0&layer=comp&op_sharpen=0&resMode=bilin&op_usm=0.7,1.0,0.5,0&fmt=jpeg&4msn=.jpg"" ></a><IMG border=0 width=1 height=1 src=""https://ad.linksynergy.com/fs-bin/show?id=DEoPybET1Dw&bids=777348.3614272859067&type=2&subid=0"" >","Bloomingdale's","Lancome Teint Idole Ultra Liquid 24H Longwear Spf 15 Foundation","3614272859067","47.0","Beauty & Cosmetics"
"<a href=""https://click.linksynergy.com/link?id=DEoPybET1Dw&offerid=777348.3274872428010&type=2&murl=https%3A%2F%2Fwww.bloomingdales.com%2Fshop%2Fproduct%2Fgivenchy-le-rouge-sheer-velvet-matte-lipstick%3FID%3D4124809%26PartnerID%3DLINKSHARE%26cm_mmc%3DLINKSHARE-_-n-_-n-_-n"" rel=""nofollow""><IMG border=0 src=""https://images.bloomingdalesassets.com/is/image/BLM/products/9/optimized/11643839_fpx.tif?wid=300&qlt=100,0&layer=comp&op_sharpen=0&resMode=bilin&op_usm=0.7,1.0,0.5,0&fmt=jpeg&4msn=.jpg"" ></a><IMG border=0 width=1 height=1 src=""https://ad.linksynergy.com/fs-bin/show?id=DEoPybET1Dw&bids=777348.3274872428010&type=2&subid=0"" >","Bloomingdale's","Givenchy Le Rouge Sheer Velvet Matte Lipstick","3274872428010","38.0","Beauty & Cosmetics"
"<a href=""https://click.linksynergy.com/link?id=DEoPybET1Dw&offerid=777348.817494015379&type=2&murl=https%3A%2F%2Fwww.bloomingdales.com%2Fshop%2Fproduct%2Fsunday-riley-fairy-godmother-shimmering-body-oil-gel-3.4-oz.%3FID%3D3898120%26PartnerID%3DLINKSHARE%26cm_mmc%3DLINKSHARE-_-n-_-n-_-n"" rel=""nofollow""><IMG border=0 src=""https://images.bloomingdalesassets.com/is/image/BLM/products/7/optimized/11410507_fpx.tif?wid=300&qlt=100,0&layer=comp&op_sharpen=0&resMode=bilin&op_usm=0.7,1.0,0.5,0&fmt=jpeg&4msn=.jpg"" ></a><IMG border=0 width=1 height=1 src=""https://ad.linksynergy.com/fs-bin/show?id=DEoPybET1Dw&bids=777348.817494015379&type=2&subid=0"" >","Bloomingdale's","Sunday Riley Fairy Godmother Shimmering Body Oil Gel 3.4 oz.","817494015379","48.0","Beauty & Cosmetics"
"<a href=""https://click.linksynergy.com/link?id=DEoPybET1Dw&offerid=777348.3274872428379&type=2&murl=https%3A%2F%2Fwww.bloomingdales.com%2Fshop%2Fproduct%2Fgivenchy-le-rouge-sheer-velvet-matte-lipstick%3FID%3D4124809%26PartnerID%3DLINKSHARE%26cm_mmc%3DLINKSHARE-_-n-_-n-_-n"" rel=""nofollow""><IMG border=0 src=""https://images.bloomingdalesassets.com/is/image/BLM/products/9/optimized/11643840_fpx.tif?wid=300&qlt=100,0&layer=comp&op_sharpen=0&resMode=bilin&op_usm=0.7,1.0,0.5,0&fmt=jpeg&4msn=.jpg"" ></a><IMG border=0 width=1 height=1 src=""https://ad.linksynergy.com/fs-bin/show?id=DEoPybET1Dw&bids=777348.3274872428379&type=2&subid=0"" >","Bloomingdale's","Givenchy Le Rouge Sheer Velvet Matte Lipstick","3274872428379","38.0","Beauty & Cosmetics"
"<a href=""https://click.linksynergy.com/link?id=DEoPybET1Dw&offerid=777348.3274872434974&type=2&murl=https%3A%2F%2Fwww.bloomingdales.com%2Fshop%2Fproduct%2Fgivenchy-rose-perfecto-liquid-balm%3FID%3D4341935%26PartnerID%3DLINKSHARE%26cm_mmc%3DLINKSHARE-_-n-_-n-_-n"" rel=""nofollow""><IMG border=0 src=""https://images.bloomingdalesassets.com/is/image/BLM/products/7/optimized/12101172_fpx.tif?wid=300&qlt=100,0&layer=comp&op_sharpen=0&resMode=bilin&op_usm=0.7,1.0,0.5,0&fmt=jpeg&4msn=.jpg"" ></a><IMG border=0 width=1 height=1 src=""https://ad.linksynergy.com/fs-bin/show?id=DEoPybET1Dw&bids=777348.3274872434974&type=2&subid=0"" >","Bloomingdale's","Givenchy Rose Perfecto Liquid Balm","3274872434974","37.0","Beauty & Cosmetics"
"<a href=""https://click.linksynergy.com/link?id=DEoPybET1Dw&offerid=777348.887167466685&type=2&murl=https%3A%2F%2Fwww.bloomingdales.com%2Fshop%2Fproduct%2Festee-lauder-futurist-hydra-rescue-moisturizing-makeup-spf-45%3FID%3D3595446%26PartnerID%3DLINKSHARE%26cm_mmc%3DLINKSHARE-_-n-_-n-_-n"" rel=""nofollow""><IMG border=0 src=""https://images.bloomingdalesassets.com/is/image/BLM/products/5/optimized/10780792_fpx.tif?wid=300&qlt=100,0&layer=comp&op_sharpen=0&resMode=bilin&op_usm=0.7,1.0,0.5,0&fmt=jpeg&4msn=.jpg"" ></a><IMG border=0 width=1 height=1 src=""https://ad.linksynergy.com/fs-bin/show?id=DEoPybET1Dw&bids=777348.887167466685&type=2&subid=0"" >","Bloomingdale's","Estee Lauder Futurist Hydra Rescue Moisturizing Makeup Spf 45","887167466685","48.0","Beauty & Cosmetics"
"<a href=""https://click.linksynergy.com/link?id=DEoPybET1Dw&offerid=777348.94800355538&type=2&murl=https%3A%2F%2Fwww.bloomingdales.com%2Fshop%2Fproduct%2Fstila-lingerie-souffle-skin-perfecting-color%3FID%3D3277498%26PartnerID%3DLINKSHARE%26cm_mmc%3DLINKSHARE-_-n-_-n-_-n"" rel=""nofollow""><IMG border=0 src=""https://images.bloomingdalesassets.com/is/image/BLM/products/9/optimized/10247597_fpx.tif?wid=300&qlt=100,0&layer=comp&op_sharpen=0&resMode=bilin&op_usm=0.7,1.0,0.5,0&fmt=jpeg&4msn=.jpg"" ></a><IMG border=0 width=1 height=1 src=""https://ad.linksynergy.com/fs-bin/show?id=DEoPybET1Dw&bids=777348.94800355538&type=2&subid=0"" >","Bloomingdale's","Stila Lingerie Souffle Skin Perfecting Color","94800355538","38.0","Beauty & Cosmetics"
"<a href=""https://click.linksynergy.com/link?id=DEoPybET1Dw&offerid=777348.3348901420129&type=2&murl=https%3A%2F%2Fwww.bloomingdales.com%2Fshop%2Fproduct%2Fdior-capture-totale-dreamskin-cushion-broad-spectrum-spf-50-refill%3FID%3D1785650%26PartnerID%3DLINKSHARE%26cm_mmc%3DLINKSHARE-_-n-_-n-_-n"" rel=""nofollow""><IMG border=0 src=""https://images.bloomingdalesassets.com/is/image/BLM/products/3/optimized/9973798_fpx.tif?wid=300&qlt=100,0&layer=comp&op_sharpen=0&resMode=bilin&op_usm=0.7,1.0,0.5,0&fmt=jpeg&4msn=.jpg"" ></a><IMG border=0 width=1 height=1 src=""https://ad.linksynergy.com/fs-bin/show?id=DEoPybET1Dw&bids=777348.3348901420129&type=2&subid=0"" >","Bloomingdale's","Dior Capture Totale Dreamskin Cushion Broad Spectrum Spf 50 Refill","3348901420129","42.0","Beauty & Cosmetics"
"<a href=""https://click.linksynergy.com/link?id=DEoPybET1Dw&offerid=777348.96018206145&type=2&murl=https%3A%2F%2Fwww.bloomingdales.com%2Fshop%2Fproduct%2Flancome-blush-subtil-delicate-oil-free-powder-blush%3FID%3D87738%26PartnerID%3DLINKSHARE%26cm_mmc%3DLINKSHARE-_-n-_-n-_-n"" rel=""nofollow""><IMG border=0 src=""https://images.bloomingdalesassets.com/is/image/BLM/products/2/optimized/8581927_fpx.tif?wid=300&qlt=100,0&layer=comp&op_sharpen=0&resMode=bilin&op_usm=0.7,1.0,0.5,0&fmt=jpeg&4msn=.jpg"" ></a><IMG border=0 width=1 height=1 src=""https://ad.linksynergy.com/fs-bin/show?id=DEoPybET1Dw&bids=777348.96018206145&type=2&subid=0"" >","Bloomingdale's","Lancome Blush Subtil Delicate Oil-Free Powder Blush","96018206145","33.0","Beauty & Cosmetics"
"<a href=""https://click.linksynergy.com/link?id=DEoPybET1Dw&offerid=777348.3348901410359&type=2&murl=https%3A%2F%2Fwww.bloomingdales.com%2Fshop%2Fproduct%2Fdior-capture-totale-dreamskin-cushion-broad-spectrum-spf-50-refill%3FID%3D1785650%26PartnerID%3DLINKSHARE%26cm_mmc%3DLINKSHARE-_-n-_-n-_-n"" rel=""nofollow""><IMG border=0 src=""https://images.bloomingdalesassets.com/is/image/BLM/products/3/optimized/9973793_fpx.tif?wid=300&qlt=100,0&layer=comp&op_sharpen=0&resMode=bilin&op_usm=0.7,1.0,0.5,0&fmt=jpeg&4msn=.jpg"" ></a><IMG border=0 width=1 height=1 src=""https://ad.linksynergy.com/fs-bin/show?id=DEoPybET1Dw&bids=777348.3348901410359&type=2&subid=0"" >","Bloomingdale's","Dior Capture Totale Dreamskin Cushion Broad Spectrum Spf 50 Refill","3348901410359","42.0","Beauty & Cosmetics"
"<a href=""https://click.linksynergy.com/link?id=DEoPybET1Dw&offerid=777348.3605970971151&type=2&murl=https%3A%2F%2Fwww.bloomingdales.com%2Fshop%2Fproduct%2Flancome-teint-idole-ultra-liquid-24h-longwear-spf-15-foundation%3FID%3D1403373%26PartnerID%3DLINKSHARE%26cm_mmc%3DLINKSHARE-_-n-_-n-_-n"" rel=""nofollow""><IMG border=0 src=""https://images.bloomingdalesassets.com/is/image/BLM/products/4/optimized/9393802_fpx.tif?wid=300&qlt=100,0&layer=comp&op_sharpen=0&resMode=bilin&op_usm=0.7,1.0,0.5,0&fmt=jpeg&4msn=.jpg"" ></a><IMG border=0 width=1 height=1 src=""https://ad.linksynergy.com/fs-bin/show?id=DEoPybET1Dw&bids=777348.3605970971151&type=2&subid=0"" >","Bloomingdale's","Lancome Teint Idole Ultra Liquid 24H Longwear Spf 15 Foundation","3605970971151","47.0","Beauty & Cosmetics"
"<a href=""https://click.linksynergy.com/link?id=DEoPybET1Dw&offerid=777348.94800358867&type=2&murl=https%3A%2F%2Fwww.bloomingdales.com%2Fshop%2Fproduct%2Fstila-one-step-correct-kitten-skin-tone-correcting-brightening-primer-1-oz.%3FID%3D3794444%26PartnerID%3DLINKSHARE%26cm_mmc%3DLINKSHARE-_-n-_-n-_-n"" rel=""nofollow""><IMG border=0 src=""https://images.bloomingdalesassets.com/is/image/BLM/products/1/optimized/11044851_fpx.tif?wid=300&qlt=100,0&layer=comp&op_sharpen=0&resMode=bilin&op_usm=0.7,1.0,0.5,0&fmt=jpeg&4msn=.jpg"" ></a><IMG border=0 width=1 height=1 src=""https://ad.linksynergy.com/fs-bin/show?id=DEoPybET1Dw&bids=777348.94800358867&type=2&subid=0"" >","Bloomingdale's","Stila One Step Correct Kitten Skin Tone Correcting & Brightening Primer 1 oz.","94800358867","36.0","Beauty & Cosmetics"
"<a href=""https://click.linksynergy.com/link?id=DEoPybET1Dw&offerid=777348.689304187060&type=2&murl=https%3A%2F%2Fwww.bloomingdales.com%2Fshop%2Fproduct%2Fanastasia-beverly-hills-contour-cream-kit%3FID%3D3247987%26PartnerID%3DLINKSHARE%26cm_mmc%3DLINKSHARE-_-n-_-n-_-n"" rel=""nofollow""><IMG border=0 src=""https://images.bloomingdalesassets.com/is/image/BLM/products/5/optimized/10224815_fpx.tif?wid=300&qlt=100,0&layer=comp&op_sharpen=0&resMode=bilin&op_usm=0.7,1.0,0.5,0&fmt=jpeg&4msn=.jpg"" ></a><IMG border=0 width=1 height=1 src=""https://ad.linksynergy.com/fs-bin/show?id=DEoPybET1Dw&bids=777348.689304187060&type=2&subid=0"" >","Bloomingdale's","Anastasia Beverly Hills Contour Cream Kit","689304187060","40.0","Beauty & Cosmetics"
"<a href=""https://click.linksynergy.com/link?id=DEoPybET1Dw&offerid=777348.94800355569&type=2&murl=https%3A%2F%2Fwww.bloomingdales.com%2Fshop%2Fproduct%2Fstila-lingerie-souffle-skin-perfecting-color%3FID%3D3277498%26PartnerID%3DLINKSHARE%26cm_mmc%3DLINKSHARE-_-n-_-n-_-n"" rel=""nofollow""><IMG border=0 src=""https://images.bloomingdalesassets.com/is/image/BLM/products/9/optimized/10247604_fpx.tif?wid=300&qlt=100,0&layer=comp&op_sharpen=0&resMode=bilin&op_usm=0.7,1.0,0.5,0&fmt=jpeg&4msn=.jpg"" ></a><IMG border=0 width=1 height=1 src=""https://ad.linksynergy.com/fs-bin/show?id=DEoPybET1Dw&bids=777348.94800355569&type=2&subid=0"" >","Bloomingdale's","Stila Lingerie Souffle Skin Perfecting Color","94800355569","38.0","Beauty & Cosmetics"
"<a href=""https://click.linksynergy.com/link?id=DEoPybET1Dw&offerid=777348.3380810402728&type=2&murl=https%3A%2F%2Fwww.bloomingdales.com%2Fshop%2Fproduct%2Fclarins-everlasting-foundation%3FID%3D4309393%26PartnerID%3DLINKSHARE%26cm_mmc%3DLINKSHARE-_-n-_-n-_-n"" rel=""nofollow""><IMG border=0 src=""https://images.bloomingdalesassets.com/is/image/BLM/products/8/optimized/12039153_fpx.tif?wid=300&qlt=100,0&layer=comp&op_sharpen=0&resMode=bilin&op_usm=0.7,1.0,0.5,0&fmt=jpeg&4msn=.jpg"" ></a><IMG border=0 width=1 height=1 src=""https://ad.linksynergy.com/fs-bin/show?id=DEoPybET1Dw&bids=777348.3380810402728&type=2&subid=0"" >","Bloomingdale's","Clarins Everlasting Foundation","3380810402728","46.0","Beauty & Cosmetics"
"<a href=""https://click.linksynergy.com/link?id=DEoPybET1Dw&offerid=777348.3348901566797&type=2&murl=https%3A%2F%2Fwww.bloomingdales.com%2Fshop%2Fproduct%2Fdior-forever-couture-luminizer-highlighter-powder%3FID%3D4080132%26PartnerID%3DLINKSHARE%26cm_mmc%3DLINKSHARE-_-n-_-n-_-n"" rel=""nofollow""><IMG border=0 src=""https://images.bloomingdalesassets.com/is/image/BLM/products/5/optimized/11620966_fpx.tif?wid=300&qlt=100,0&layer=comp&op_sharpen=0&resMode=bilin&op_usm=0.7,1.0,0.5,0&fmt=jpeg&4msn=.jpg"" ></a><IMG border=0 width=1 height=1 src=""https://ad.linksynergy.com/fs-bin/show?id=DEoPybET1Dw&bids=777348.3348901566797&type=2&subid=0"" >","Bloomingdale's","Dior Forever Couture Luminizer Highlighter Powder","3348901566797","48.0","Beauty & Cosmetics"
"<a href=""https://click.linksynergy.com/link?id=DEoPybET1Dw&offerid=777348.689304286237&type=2&murl=https%3A%2F%2Fwww.bloomingdales.com%2Fshop%2Fproduct%2Fanastasia-beverly-hills-pro-brush-a23-large-tapered-blending%3FID%3D3272683%26PartnerID%3DLINKSHARE%26cm_mmc%3DLINKSHARE-_-n-_-n-_-n"" rel=""nofollow""><IMG border=0 src=""https://images.bloomingdalesassets.com/is/image/BLM/products/9/optimized/10220579_fpx.tif?wid=300&qlt=100,0&layer=comp&op_sharpen=0&resMode=bilin&op_usm=0.7,1.0,0.5,0&fmt=jpeg&4msn=.jpg"" ></a><IMG border=0 width=1 height=1 src=""https://ad.linksynergy.com/fs-bin/show?id=DEoPybET1Dw&bids=777348.689304286237&type=2&subid=0"" >","Bloomingdale's","Anastasia Beverly Hills Pro Brush #A23 - Large Tapered Blending","689304286237","25.0","Beauty & Cosmetics"
"<a href=""https://click.linksynergy.com/link?id=DEoPybET1Dw&offerid=777348.689304155076&type=2&murl=https%3A%2F%2Fwww.bloomingdales.com%2Fshop%2Fproduct%2Fanastasia-beverly-hills-eyeshadow-single%3FID%3D3272635%26PartnerID%3DLINKSHARE%26cm_mmc%3DLINKSHARE-_-n-_-n-_-n"" rel=""nofollow""><IMG border=0 src=""https://images.bloomingdalesassets.com/is/image/BLM/products/4/optimized/10220442_fpx.tif?wid=300&qlt=100,0&layer=comp&op_sharpen=0&resMode=bilin&op_usm=0.7,1.0,0.5,0&fmt=jpeg&4msn=.jpg"" ></a><IMG border=0 width=1 height=1 src=""https://ad.linksynergy.com/fs-bin/show?id=DEoPybET1Dw&bids=777348.689304155076&type=2&subid=0"" >","Bloomingdale's","Anastasia Beverly Hills Eyeshadow Single","689304155076","12.0","Beauty & Cosmetics"
"<a href=""https://click.linksynergy.com/link?id=DEoPybET1Dw&offerid=777348.888066026246&type=2&murl=https%3A%2F%2Fwww.bloomingdales.com%2Fshop%2Fproduct%2Ftom-ford-for-men-hydrating-lip-balm%3FID%3D1367351%26PartnerID%3DLINKSHARE%26cm_mmc%3DLINKSHARE-_-n-_-n-_-n"" rel=""nofollow""><IMG border=0 src=""https://images.bloomingdalesassets.com/is/image/BLM/products/5/optimized/8782245_fpx.tif?wid=300&qlt=100,0&layer=comp&op_sharpen=0&resMode=bilin&op_usm=0.7,1.0,0.5,0&fmt=jpeg&4msn=.jpg"" ></a><IMG border=0 width=1 height=1 src=""https://ad.linksynergy.com/fs-bin/show?id=DEoPybET1Dw&bids=777348.888066026246&type=2&subid=0"" >","Bloomingdale's","Tom Ford for Men Hydrating Lip Balm","888066026246","30.0","Beauty & Cosmetics"
"<a href=""https://click.linksynergy.com/link?id=DEoPybET1Dw&offerid=777348.689304320276&type=2&murl=https%3A%2F%2Fwww.bloomingdales.com%2Fshop%2Fproduct%2Fanastasia-beverly-hills-liquid-lipstick%3FID%3D3248041%26PartnerID%3DLINKSHARE%26cm_mmc%3DLINKSHARE-_-n-_-n-_-n"" rel=""nofollow""><IMG border=0 src=""https://images.bloomingdalesassets.com/is/image/BLM/products/6/optimized/10223630_fpx.tif?wid=300&qlt=100,0&layer=comp&op_sharpen=0&resMode=bilin&op_usm=0.7,1.0,0.5,0&fmt=jpeg&4msn=.jpg"" ></a><IMG border=0 width=1 height=1 src=""https://ad.linksynergy.com/fs-bin/show?id=DEoPybET1Dw&bids=777348.689304320276&type=2&subid=0"" >","Bloomingdale's","Anastasia Beverly Hills Liquid Lipstick","689304320276","20.0","Beauty & Cosmetics"
"<a href=""https://click.linksynergy.com/link?id=DEoPybET1Dw&offerid=777348.27131192756&type=2&murl=https%3A%2F%2Fwww.bloomingdales.com%2Fshop%2Fproduct%2Festee-lauder-automatic-lip-pencil-duo%3FID%3D88622%26PartnerID%3DLINKSHARE%26cm_mmc%3DLINKSHARE-_-n-_-n-_-n"" rel=""nofollow""><IMG border=0 src=""https://images.bloomingdalesassets.com/is/image/BLM/products/9/optimized/9519439_fpx.tif?wid=300&qlt=100,0&layer=comp&op_sharpen=0&resMode=bilin&op_usm=0.7,1.0,0.5,0&fmt=jpeg&4msn=.jpg"" ></a><IMG border=0 width=1 height=1 src=""https://ad.linksynergy.com/fs-bin/show?id=DEoPybET1Dw&bids=777348.27131192756&type=2&subid=0"" >","Bloomingdale's","Estee Lauder Automatic Lip Pencil Duo","27131192756","29.0","Beauty & Cosmetics"
"<a href=""https://click.linksynergy.com/link?id=DEoPybET1Dw&offerid=777348.607845029151&type=2&murl=https%3A%2F%2Fwww.bloomingdales.com%2Fshop%2Fproduct%2Fnars-lipstick-satin%3FID%3D3418631%26PartnerID%3DLINKSHARE%26cm_mmc%3DLINKSHARE-_-n-_-n-_-n"" rel=""nofollow""><IMG border=0 src=""https://images.bloomingdalesassets.com/is/image/BLM/products/3/optimized/10502785_fpx.tif?wid=300&qlt=100,0&layer=comp&op_sharpen=0&resMode=bilin&op_usm=0.7,1.0,0.5,0&fmt=jpeg&4msn=.jpg"" ></a><IMG border=0 width=1 height=1 src=""https://ad.linksynergy.com/fs-bin/show?id=DEoPybET1Dw&bids=777348.607845029151&type=2&subid=0"" >","Bloomingdale's","Nars Lipstick - Satin","607845029151","26.0","Beauty & Cosmetics"
"<a href=""https://click.linksynergy.com/link?id=DEoPybET1Dw&offerid=777348.689304051040&type=2&murl=https%3A%2F%2Fwww.bloomingdales.com%2Fshop%2Fproduct%2Fanastasia-beverly-hills-dipbrow-pomade%3FID%3D3247968%26PartnerID%3DLINKSHARE%26cm_mmc%3DLINKSHARE-_-n-_-n-_-n"" rel=""nofollow""><IMG border=0 src=""https://images.bloomingdalesassets.com/is/image/BLM/products/1/optimized/10215960_fpx.tif?wid=300&qlt=100,0&layer=comp&op_sharpen=0&resMode=bilin&op_usm=0.7,1.0,0.5,0&fmt=jpeg&4msn=.jpg"" ></a><IMG border=0 width=1 height=1 src=""https://ad.linksynergy.com/fs-bin/show?id=DEoPybET1Dw&bids=777348.689304051040&type=2&subid=0"" >","Bloomingdale's","Anastasia Beverly Hills Dipbrow Pomade","689304051040","21.0","Beauty & Cosmetics"
"<a href=""https://click.linksynergy.com/link?id=DEoPybET1Dw&offerid=777348.94800356115&type=2&murl=https%3A%2F%2Fwww.bloomingdales.com%2Fshop%2Fproduct%2Fstila-glitter-glow-liquid-eyeshadow%3FID%3D3137577%26PartnerID%3DLINKSHARE%26cm_mmc%3DLINKSHARE-_-n-_-n-_-n"" rel=""nofollow""><IMG border=0 src=""https://images.bloomingdalesassets.com/is/image/BLM/products/7/optimized/10248026_fpx.tif?wid=300&qlt=100,0&layer=comp&op_sharpen=0&resMode=bilin&op_usm=0.7,1.0,0.5,0&fmt=jpeg&4msn=.jpg"" ></a><IMG border=0 width=1 height=1 src=""https://ad.linksynergy.com/fs-bin/show?id=DEoPybET1Dw&bids=777348.94800356115&type=2&subid=0"" >","Bloomingdale's","Stila Glitter & Glow Liquid Eyeshadow","94800356115","24.0","Beauty & Cosmetics"
"<a href=""https://click.linksynergy.com/link?id=DEoPybET1Dw&offerid=777348.773602609789&type=2&murl=https%3A%2F%2Fwww.bloomingdales.com%2Fshop%2Fproduct%2Fmac-lustreglass-lipstick%3FID%3D4410076%26PartnerID%3DLINKSHARE%26cm_mmc%3DLINKSHARE-_-n-_-n-_-n"" rel=""nofollow""><IMG border=0 src=""https://images.bloomingdalesassets.com/is/image/BLM/products/0/optimized/11565988_fpx.tif?wid=300&qlt=100,0&layer=comp&op_sharpen=0&resMode=bilin&op_usm=0.7,1.0,0.5,0&fmt=jpeg&4msn=.jpg"" ></a><IMG border=0 width=1 height=1 src=""https://ad.linksynergy.com/fs-bin/show?id=DEoPybET1Dw&bids=777348.773602609789&type=2&subid=0"" >","Bloomingdale's","MAC Lustreglass Lipstick","773602609789","22.0","Beauty & Cosmetics"
"<a href=""https://click.linksynergy.com/link?id=DEoPybET1Dw&offerid=777348.810374024614&type=2&murl=https%3A%2F%2Fwww.bloomingdales.com%2Fshop%2Fproduct%2Frco-moon-landing-anti-humidity-spray%3FID%3D3437223%26PartnerID%3DLINKSHARE%26cm_mmc%3DLINKSHARE-_-n-_-n-_-n"" rel=""nofollow""><IMG border=0 src=""https://images.bloomingdalesassets.com/is/image/BLM/products/8/optimized/10467318_fpx.tif?wid=300&qlt=100,0&layer=comp&op_sharpen=0&resMode=bilin&op_usm=0.7,1.0,0.5,0&fmt=jpeg&4msn=.jpg"" ></a><IMG border=0 width=1 height=1 src=""https://ad.linksynergy.com/fs-bin/show?id=DEoPybET1Dw&bids=777348.810374024614&type=2&subid=0"" >","Bloomingdale's","R+Co Moon Landing Anti-Humidity Spray","810374024614","32.0","Beauty & Cosmetics"
"<a href=""https://click.linksynergy.com/link?id=DEoPybET1Dw&offerid=777348.889809000097&type=2&murl=https%3A%2F%2Fwww.bloomingdales.com%2Fshop%2Fproduct%2Fglamglow-partners-in-grime-gift-set-31-value%3FID%3D4132865%26PartnerID%3DLINKSHARE%26cm_mmc%3DLINKSHARE-_-n-_-n-_-n"" rel=""nofollow""><IMG border=0 src=""https://images.bloomingdalesassets.com/is/image/BLM/products/5/optimized/11772925_fpx.tif?wid=300&qlt=100,0&layer=comp&op_sharpen=0&resMode=bilin&op_usm=0.7,1.0,0.5,0&fmt=jpeg&4msn=.jpg"" ></a><IMG border=0 width=1 height=1 src=""https://ad.linksynergy.com/fs-bin/show?id=DEoPybET1Dw&bids=777348.889809000097&type=2&subid=0"" >","Bloomingdale's","Glamglow Partners in Grime Gift Set ($31 value)","889809000097","25.0","Beauty & Cosmetics"
"<a href=""https://click.linksynergy.com/link?id=DEoPybET1Dw&offerid=777348.773602514496&type=2&murl=https%3A%2F%2Fwww.bloomingdales.com%2Fshop%2Fproduct%2Fmac-dazzleshadow%3FID%3D3765470%26PartnerID%3DLINKSHARE%26cm_mmc%3DLINKSHARE-_-n-_-n-_-n"" rel=""nofollow""><IMG border=0 src=""https://images.bloomingdalesassets.com/is/image/BLM/products/3/optimized/9854533_fpx.tif?wid=300&qlt=100,0&layer=comp&op_sharpen=0&resMode=bilin&op_usm=0.7,1.0,0.5,0&fmt=jpeg&4msn=.jpg"" ></a><IMG border=0 width=1 height=1 src=""https://ad.linksynergy.com/fs-bin/show?id=DEoPybET1Dw&bids=777348.773602514496&type=2&subid=0"" >","Bloomingdale's","MAC Dazzleshadow","773602514496","21.0","Beauty & Cosmetics"
"<a href=""https://click.linksynergy.com/link?id=DEoPybET1Dw&offerid=777348.773602594498&type=2&murl=https%3A%2F%2Fwww.bloomingdales.com%2Fshop%2Fproduct%2Fmac-color-excess-gel-liner%3FID%3D4347781%26PartnerID%3DLINKSHARE%26cm_mmc%3DLINKSHARE-_-n-_-n-_-n"" rel=""nofollow""><IMG border=0 src=""https://images.bloomingdalesassets.com/is/image/BLM/products/5/optimized/12140681_fpx.tif?wid=300&qlt=100,0&layer=comp&op_sharpen=0&resMode=bilin&op_usm=0.7,1.0,0.5,0&fmt=jpeg&4msn=.jpg"" ></a><IMG border=0 width=1 height=1 src=""https://ad.linksynergy.com/fs-bin/show?id=DEoPybET1Dw&bids=777348.773602594498&type=2&subid=0"" >","Bloomingdale's","MAC Color Excess Gel Liner","773602594498","23.0","Beauty & Cosmetics"
"<a href=""https://click.linksynergy.com/link?id=DEoPybET1Dw&offerid=777348.773602470228&type=2&murl=https%3A%2F%2Fwww.bloomingdales.com%2Fshop%2Fproduct%2Fmac-glow-play-blush%3FID%3D3765497%26PartnerID%3DLINKSHARE%26cm_mmc%3DLINKSHARE-_-n-_-n-_-n"" rel=""nofollow""><IMG border=0 src=""https://images.bloomingdalesassets.com/is/image/BLM/products/4/optimized/10845344_fpx.tif?wid=300&qlt=100,0&layer=comp&op_sharpen=0&resMode=bilin&op_usm=0.7,1.0,0.5,0&fmt=jpeg&4msn=.jpg"" ></a><IMG border=0 width=1 height=1 src=""https://ad.linksynergy.com/fs-bin/show?id=DEoPybET1Dw&bids=777348.773602470228&type=2&subid=0"" >","Bloomingdale's","MAC Glow Play Blush","773602470228","31.0","Beauty & Cosmetics"
"<a href=""https://click.linksynergy.com/link?id=DEoPybET1Dw&offerid=777348.689304044028&type=2&murl=https%3A%2F%2Fwww.bloomingdales.com%2Fshop%2Fproduct%2Fanastasia-beverly-hills-brow-definer%3FID%3D3247958%26PartnerID%3DLINKSHARE%26cm_mmc%3DLINKSHARE-_-n-_-n-_-n"" rel=""nofollow""><IMG border=0 src=""https://images.bloomingdalesassets.com/is/image/BLM/products/5/optimized/10220175_fpx.tif?wid=300&qlt=100,0&layer=comp&op_sharpen=0&resMode=bilin&op_usm=0.7,1.0,0.5,0&fmt=jpeg&4msn=.jpg"" ></a><IMG border=0 width=1 height=1 src=""https://ad.linksynergy.com/fs-bin/show?id=DEoPybET1Dw&bids=777348.689304044028&type=2&subid=0"" >","Bloomingdale's","Anastasia Beverly Hills Brow Definer","689304044028","23.0","Beauty & Cosmetics"
"<a href=""https://click.linksynergy.com/link?id=DEoPybET1Dw&offerid=777348.785364300125&type=2&murl=https%3A%2F%2Fwww.bloomingdales.com%2Fshop%2Fproduct%2Fmario-badescu-caffeine-eye-cream-0.5-oz.%3FID%3D3913887%26PartnerID%3DLINKSHARE%26cm_mmc%3DLINKSHARE-_-n-_-n-_-n"" rel=""nofollow""><IMG border=0 src=""https://images.bloomingdalesassets.com/is/image/BLM/products/8/optimized/11262438_fpx.tif?wid=300&qlt=100,0&layer=comp&op_sharpen=0&resMode=bilin&op_usm=0.7,1.0,0.5,0&fmt=jpeg&4msn=.jpg"" ></a><IMG border=0 width=1 height=1 src=""https://ad.linksynergy.com/fs-bin/show?id=DEoPybET1Dw&bids=777348.785364300125&type=2&subid=0"" >","Bloomingdale's","Mario Badescu Caffeine Eye Cream 0.5 oz.","785364300125","18.0","Beauty & Cosmetics"
"<a href=""https://click.linksynergy.com/link?id=DEoPybET1Dw&offerid=777348.689304153362&type=2&murl=https%3A%2F%2Fwww.bloomingdales.com%2Fshop%2Fproduct%2Fanastasia-beverly-hills-eyeshadow-single%3FID%3D3272635%26PartnerID%3DLINKSHARE%26cm_mmc%3DLINKSHARE-_-n-_-n-_-n"" rel=""nofollow""><IMG border=0 src=""https://images.bloomingdalesassets.com/is/image/BLM/products/4/optimized/10220439_fpx.tif?wid=300&qlt=100,0&layer=comp&op_sharpen=0&resMode=bilin&op_usm=0.7,1.0,0.5,0&fmt=jpeg&4msn=.jpg"" ></a><IMG border=0 width=1 height=1 src=""https://ad.linksynergy.com/fs-bin/show?id=DEoPybET1Dw&bids=777348.689304153362&type=2&subid=0"" >","Bloomingdale's","Anastasia Beverly Hills Eyeshadow Single","689304153362","12.0","Beauty & Cosmetics"
"<a href=""https://click.linksynergy.com/link?id=DEoPybET1Dw&offerid=777348.3614272128620&type=2&murl=https%3A%2F%2Fwww.bloomingdales.com%2Fshop%2Fproduct%2Flancome-brow-define-pencil%3FID%3D3027450%26PartnerID%3DLINKSHARE%26cm_mmc%3DLINKSHARE-_-n-_-n-_-n"" rel=""nofollow""><IMG border=0 src=""https://images.bloomingdalesassets.com/is/image/BLM/products/3/optimized/9902815_fpx.tif?wid=300&qlt=100,0&layer=comp&op_sharpen=0&resMode=bilin&op_usm=0.7,1.0,0.5,0&fmt=jpeg&4msn=.jpg"" ></a><IMG border=0 width=1 height=1 src=""https://ad.linksynergy.com/fs-bin/show?id=DEoPybET1Dw&bids=777348.3614272128620&type=2&subid=0"" >","Bloomingdale's","Lancome Brow Define Pencil","3614272128620","28.0","Beauty & Cosmetics"
"<a href=""https://click.linksynergy.com/link?id=DEoPybET1Dw&offerid=777348.3348901379304&type=2&murl=https%3A%2F%2Fwww.bloomingdales.com%2Fshop%2Fproduct%2Fdior-backstage-retractable-lip-brush-n31%3FID%3D3066532%26PartnerID%3DLINKSHARE%26cm_mmc%3DLINKSHARE-_-n-_-n-_-n"" rel=""nofollow""><IMG border=0 src=""https://images.bloomingdalesassets.com/is/image/BLM/products/7/optimized/9974017_fpx.tif?wid=300&qlt=100,0&layer=comp&op_sharpen=0&resMode=bilin&op_usm=0.7,1.0,0.5,0&fmt=jpeg&4msn=.jpg"" ></a><IMG border=0 width=1 height=1 src=""https://ad.linksynergy.com/fs-bin/show?id=DEoPybET1Dw&bids=777348.3348901379304&type=2&subid=0"" >","Bloomingdale's","Dior Backstage Retractable Lip Brush n31","3348901379304","25.0","Beauty & Cosmetics"
"<a href=""https://click.linksynergy.com/link?id=DEoPybET1Dw&offerid=777348.607845092476&type=2&murl=https%3A%2F%2Fwww.bloomingdales.com%2Fshop%2Fproduct%2Fnars-satin-lip-pencil%3FID%3D703744%26PartnerID%3DLINKSHARE%26cm_mmc%3DLINKSHARE-_-n-_-n-_-n"" rel=""nofollow""><IMG border=0 src=""https://images.bloomingdalesassets.com/is/image/BLM/products/4/optimized/10322799_fpx.tif?wid=300&qlt=100,0&layer=comp&op_sharpen=0&resMode=bilin&op_usm=0.7,1.0,0.5,0&fmt=jpeg&4msn=.jpg"" ></a><IMG border=0 width=1 height=1 src=""https://ad.linksynergy.com/fs-bin/show?id=DEoPybET1Dw&bids=777348.607845092476&type=2&subid=0"" >","Bloomingdale's","Nars Satin Lip Pencil","607845092476","27.0","Beauty & Cosmetics"
"<a href=""https://click.linksynergy.com/link?id=DEoPybET1Dw&offerid=777348.94800356443&type=2&murl=https%3A%2F%2Fwww.bloomingdales.com%2Fshop%2Fproduct%2Fstila-glitter-glow-liquid-eyeshadow%3FID%3D3137577%26PartnerID%3DLINKSHARE%26cm_mmc%3DLINKSHARE-_-n-_-n-_-n"" rel=""nofollow""><IMG border=0 src=""https://images.bloomingdalesassets.com/is/image/BLM/products/7/optimized/10248024_fpx.tif?wid=300&qlt=100,0&layer=comp&op_sharpen=0&resMode=bilin&op_usm=0.7,1.0,0.5,0&fmt=jpeg&4msn=.jpg"" ></a><IMG border=0 width=1 height=1 src=""https://ad.linksynergy.com/fs-bin/show?id=DEoPybET1Dw&bids=777348.94800356443&type=2&subid=0"" >","Bloomingdale's","Stila Glitter & Glow Liquid Eyeshadow","94800356443","24.0","Beauty & Cosmetics"
"<a href=""https://click.linksynergy.com/link?id=DEoPybET1Dw&offerid=777348.689304321075&type=2&murl=https%3A%2F%2Fwww.bloomingdales.com%2Fshop%2Fproduct%2Fanastasia-beverly-hills-liquid-lipstick%3FID%3D3248041%26PartnerID%3DLINKSHARE%26cm_mmc%3DLINKSHARE-_-n-_-n-_-n"" rel=""nofollow""><IMG border=0 src=""https://images.bloomingdalesassets.com/is/image/BLM/products/6/optimized/10223651_fpx.tif?wid=300&qlt=100,0&layer=comp&op_sharpen=0&resMode=bilin&op_usm=0.7,1.0,0.5,0&fmt=jpeg&4msn=.jpg"" ></a><IMG border=0 width=1 height=1 src=""https://ad.linksynergy.com/fs-bin/show?id=DEoPybET1Dw&bids=777348.689304321075&type=2&subid=0"" >","Bloomingdale's","Anastasia Beverly Hills Liquid Lipstick","689304321075","20.0","Beauty & Cosmetics"
"<a href=""https://click.linksynergy.com/link?id=DEoPybET1Dw&offerid=777348.94800331853&type=2&murl=https%3A%2F%2Fwww.bloomingdales.com%2Fshop%2Fproduct%2Fstila-smudge-stick-waterproof-eye-liner%3FID%3D3137628%26PartnerID%3DLINKSHARE%26cm_mmc%3DLINKSHARE-_-n-_-n-_-n"" rel=""nofollow""><IMG border=0 src=""https://images.bloomingdalesassets.com/is/image/BLM/products/0/optimized/10092329_fpx.tif?wid=300&qlt=100,0&layer=comp&op_sharpen=0&resMode=bilin&op_usm=0.7,1.0,0.5,0&fmt=jpeg&4msn=.jpg"" ></a><IMG border=0 width=1 height=1 src=""https://ad.linksynergy.com/fs-bin/show?id=DEoPybET1Dw&bids=777348.94800331853&type=2&subid=0"" >","Bloomingdale's","Stila Smudge Stick Waterproof Eye Liner","94800331853","22.0","Beauty & Cosmetics"
"<a href=""https://click.linksynergy.com/link?id=DEoPybET1Dw&offerid=777348.689304320450&type=2&murl=https%3A%2F%2Fwww.bloomingdales.com%2Fshop%2Fproduct%2Fanastasia-beverly-hills-liquid-lipstick%3FID%3D3248041%26PartnerID%3DLINKSHARE%26cm_mmc%3DLINKSHARE-_-n-_-n-_-n"" rel=""nofollow""><IMG border=0 src=""https://images.bloomingdalesassets.com/is/image/BLM/products/6/optimized/10223640_fpx.tif?wid=300&qlt=100,0&layer=comp&op_sharpen=0&resMode=bilin&op_usm=0.7,1.0,0.5,0&fmt=jpeg&4msn=.jpg"" ></a><IMG border=0 width=1 height=1 src=""https://ad.linksynergy.com/fs-bin/show?id=DEoPybET1Dw&bids=777348.689304320450&type=2&subid=0"" >","Bloomingdale's","Anastasia Beverly Hills Liquid Lipstick","689304320450","20.0","Beauty & Cosmetics"
"<a href=""https://click.linksynergy.com/link?id=DEoPybET1Dw&offerid=777348.773602609970&type=2&murl=https%3A%2F%2Fwww.bloomingdales.com%2Fshop%2Fproduct%2Fmac-lustreglass-lipstick%3FID%3D4410076%26PartnerID%3DLINKSHARE%26cm_mmc%3DLINKSHARE-_-n-_-n-_-n"" rel=""nofollow""><IMG border=0 src=""https://images.bloomingdalesassets.com/is/image/BLM/products/0/optimized/11565979_fpx.tif?wid=300&qlt=100,0&layer=comp&op_sharpen=0&resMode=bilin&op_usm=0.7,1.0,0.5,0&fmt=jpeg&4msn=.jpg"" ></a><IMG border=0 width=1 height=1 src=""https://ad.linksynergy.com/fs-bin/show?id=DEoPybET1Dw&bids=777348.773602609970&type=2&subid=0"" >","Bloomingdale's","MAC Lustreglass Lipstick","773602609970","22.0","Beauty & Cosmetics"
"<a href=""https://click.linksynergy.com/link?id=DEoPybET1Dw&offerid=777348.689304365253&type=2&murl=https%3A%2F%2Fwww.bloomingdales.com%2Fshop%2Fproduct%2Fanastasia-beverly-hills-liquid-glow%3FID%3D3248129%26PartnerID%3DLINKSHARE%26cm_mmc%3DLINKSHARE-_-n-_-n-_-n"" rel=""nofollow""><IMG border=0 src=""https://images.bloomingdalesassets.com/is/image/BLM/products/0/optimized/10224024_fpx.tif?wid=300&qlt=100,0&layer=comp&op_sharpen=0&resMode=bilin&op_usm=0.7,1.0,0.5,0&fmt=jpeg&4msn=.jpg"" ></a><IMG border=0 width=1 height=1 src=""https://ad.linksynergy.com/fs-bin/show?id=DEoPybET1Dw&bids=777348.689304365253&type=2&subid=0"" >","Bloomingdale's","Anastasia Beverly Hills Liquid Glow","689304365253","25.0","Beauty & Cosmetics"
"<a href=""https://click.linksynergy.com/link?id=DEoPybET1Dw&offerid=777348.607845051565&type=2&murl=https%3A%2F%2Fwww.bloomingdales.com%2Fshop%2Fproduct%2Fnars-liquid-blush%3FID%3D2585686%26PartnerID%3DLINKSHARE%26cm_mmc%3DLINKSHARE-_-n-_-n-_-n"" rel=""nofollow""><IMG border=0 src=""https://images.bloomingdalesassets.com/is/image/BLM/products/7/optimized/9518219_fpx.tif?wid=300&qlt=100,0&layer=comp&op_sharpen=0&resMode=bilin&op_usm=0.7,1.0,0.5,0&fmt=jpeg&4msn=.jpg"" ></a><IMG border=0 width=1 height=1 src=""https://ad.linksynergy.com/fs-bin/show?id=DEoPybET1Dw&bids=777348.607845051565&type=2&subid=0"" >","Bloomingdale's","Nars Liquid Blush","607845051565","30.0","Beauty & Cosmetics"
"<a href=""https://click.linksynergy.com/link?id=DEoPybET1Dw&offerid=777348.689304155069&type=2&murl=https%3A%2F%2Fwww.bloomingdales.com%2Fshop%2Fproduct%2Fanastasia-beverly-hills-eyeshadow-single%3FID%3D3272635%26PartnerID%3DLINKSHARE%26cm_mmc%3DLINKSHARE-_-n-_-n-_-n"" rel=""nofollow""><IMG border=0 src=""https://images.bloomingdalesassets.com/is/image/BLM/products/4/optimized/10220443_fpx.tif?wid=300&qlt=100,0&layer=comp&op_sharpen=0&resMode=bilin&op_usm=0.7,1.0,0.5,0&fmt=jpeg&4msn=.jpg"" ></a><IMG border=0 width=1 height=1 src=""https://ad.linksynergy.com/fs-bin/show?id=DEoPybET1Dw&bids=777348.689304155069&type=2&subid=0"" >","Bloomingdale's","Anastasia Beverly Hills Eyeshadow Single","689304155069","12.0","Beauty & Cosmetics"
"<a href=""https://click.linksynergy.com/link?id=DEoPybET1Dw&offerid=777348.773602594412&type=2&murl=https%3A%2F%2Fwww.bloomingdales.com%2Fshop%2Fproduct%2Fmac-color-excess-gel-liner%3FID%3D4347781%26PartnerID%3DLINKSHARE%26cm_mmc%3DLINKSHARE-_-n-_-n-_-n"" rel=""nofollow""><IMG border=0 src=""https://images.bloomingdalesassets.com/is/image/BLM/products/5/optimized/12140675_fpx.tif?wid=300&qlt=100,0&layer=comp&op_sharpen=0&resMode=bilin&op_usm=0.7,1.0,0.5,0&fmt=jpeg&4msn=.jpg"" ></a><IMG border=0 width=1 height=1 src=""https://ad.linksynergy.com/fs-bin/show?id=DEoPybET1Dw&bids=777348.773602594412&type=2&subid=0"" >","Bloomingdale's","MAC Color Excess Gel Liner","773602594412","23.0","Beauty & Cosmetics"
"<a href=""https://click.linksynergy.com/link?id=DEoPybET1Dw&offerid=777348.816218028121&type=2&murl=https%3A%2F%2Fwww.bloomingdales.com%2Fshop%2Fproduct%2Fsupergoop-play-everyday-lotion-spf-50-with-sunflower-extract-2.4-oz.%3FID%3D3688920%26PartnerID%3DLINKSHARE%26cm_mmc%3DLINKSHARE-_-n-_-n-_-n"" rel=""nofollow""><IMG border=0 src=""https://images.bloomingdalesassets.com/is/image/BLM/products/4/optimized/10965414_fpx.tif?wid=300&qlt=100,0&layer=comp&op_sharpen=0&resMode=bilin&op_usm=0.7,1.0,0.5,0&fmt=jpeg&4msn=.jpg"" ></a><IMG border=0 width=1 height=1 src=""https://ad.linksynergy.com/fs-bin/show?id=DEoPybET1Dw&bids=777348.816218028121&type=2&subid=0"" >","Bloomingdale's","Supergoop! Play Everyday Lotion Spf 50 with Sunflower Extract 2.4 oz.","816218028121","22.0","Beauty & Cosmetics"
"<a href=""https://click.linksynergy.com/link?id=DEoPybET1Dw&offerid=777348.689304321143&type=2&murl=https%3A%2F%2Fwww.bloomingdales.com%2Fshop%2Fproduct%2Fanastasia-beverly-hills-liquid-lipstick%3FID%3D3248041%26PartnerID%3DLINKSHARE%26cm_mmc%3DLINKSHARE-_-n-_-n-_-n"" rel=""nofollow""><IMG border=0 src=""https://images.bloomingdalesassets.com/is/image/BLM/products/6/optimized/10223653_fpx.tif?wid=300&qlt=100,0&layer=comp&op_sharpen=0&resMode=bilin&op_usm=0.7,1.0,0.5,0&fmt=jpeg&4msn=.jpg"" ></a><IMG border=0 width=1 height=1 src=""https://ad.linksynergy.com/fs-bin/show?id=DEoPybET1Dw&bids=777348.689304321143&type=2&subid=0"" >","Bloomingdale's","Anastasia Beverly Hills Liquid Lipstick","689304321143","20.0","Beauty & Cosmetics"
"<a href=""https://click.linksynergy.com/link?id=DEoPybET1Dw&offerid=777348.607845011354&type=2&murl=https%3A%2F%2Fwww.bloomingdales.com%2Fshop%2Fproduct%2Fnars-brow-perfector%3FID%3D3047029%26PartnerID%3DLINKSHARE%26cm_mmc%3DLINKSHARE-_-n-_-n-_-n"" rel=""nofollow""><IMG border=0 src=""https://images.bloomingdalesassets.com/is/image/BLM/products/9/optimized/9950694_fpx.tif?wid=300&qlt=100,0&layer=comp&op_sharpen=0&resMode=bilin&op_usm=0.7,1.0,0.5,0&fmt=jpeg&4msn=.jpg"" ></a><IMG border=0 width=1 height=1 src=""https://ad.linksynergy.com/fs-bin/show?id=DEoPybET1Dw&bids=777348.607845011354&type=2&subid=0"" >","Bloomingdale's","Nars Brow Perfector","607845011354","25.0","Beauty & Cosmetics"
"<a href=""https://click.linksynergy.com/link?id=DEoPybET1Dw&offerid=777348.9341824004906&type=2&murl=https%3A%2F%2Fwww.bloomingdales.com%2Fshop%2Fproduct%2Flano-the-1-essentials-lip-tint-trio%3FID%3D2997082%26PartnerID%3DLINKSHARE%26cm_mmc%3DLINKSHARE-_-n-_-n-_-n"" rel=""nofollow""><IMG border=0 src=""https://images.bloomingdalesassets.com/is/image/BLM/products/3/optimized/10137233_fpx.tif?wid=300&qlt=100,0&layer=comp&op_sharpen=0&resMode=bilin&op_usm=0.7,1.0,0.5,0&fmt=jpeg&4msn=.jpg"" ></a><IMG border=0 width=1 height=1 src=""https://ad.linksynergy.com/fs-bin/show?id=DEoPybET1Dw&bids=777348.9341824004906&type=2&subid=0"" >","Bloomingdale's","Lano The #1 Essentials Lip Tint Trio","9341824004906","32.0","Beauty & Cosmetics"
"<a href=""https://click.linksynergy.com/link?id=DEoPybET1Dw&offerid=777348.689304321150&type=2&murl=https%3A%2F%2Fwww.bloomingdales.com%2Fshop%2Fproduct%2Fanastasia-beverly-hills-liquid-lipstick%3FID%3D3248041%26PartnerID%3DLINKSHARE%26cm_mmc%3DLINKSHARE-_-n-_-n-_-n"" rel=""nofollow""><IMG border=0 src=""https://images.bloomingdalesassets.com/is/image/BLM/products/6/optimized/10223627_fpx.tif?wid=300&qlt=100,0&layer=comp&op_sharpen=0&resMode=bilin&op_usm=0.7,1.0,0.5,0&fmt=jpeg&4msn=.jpg"" ></a><IMG border=0 width=1 height=1 src=""https://ad.linksynergy.com/fs-bin/show?id=DEoPybET1Dw&bids=777348.689304321150&type=2&subid=0"" >","Bloomingdale's","Anastasia Beverly Hills Liquid Lipstick","689304321150","20.0","Beauty & Cosmetics"
"<a href=""https://click.linksynergy.com/link?id=DEoPybET1Dw&offerid=777348.773602610068&type=2&murl=https%3A%2F%2Fwww.bloomingdales.com%2Fshop%2Fproduct%2Fmac-lustreglass-lipstick%3FID%3D4410076%26PartnerID%3DLINKSHARE%26cm_mmc%3DLINKSHARE-_-n-_-n-_-n"" rel=""nofollow""><IMG border=0 src=""https://images.bloomingdalesassets.com/is/image/BLM/products/0/optimized/11565984_fpx.tif?wid=300&qlt=100,0&layer=comp&op_sharpen=0&resMode=bilin&op_usm=0.7,1.0,0.5,0&fmt=jpeg&4msn=.jpg"" ></a><IMG border=0 width=1 height=1 src=""https://ad.linksynergy.com/fs-bin/show?id=DEoPybET1Dw&bids=777348.773602610068&type=2&subid=0"" >","Bloomingdale's","MAC Lustreglass Lipstick","773602610068","22.0","Beauty & Cosmetics"
"<a href=""https://click.linksynergy.com/link?id=DEoPybET1Dw&offerid=777348.607845040460&type=2&murl=https%3A%2F%2Fwww.bloomingdales.com%2Fshop%2Fproduct%2Fnars-blush%3FID%3D89126%26PartnerID%3DLINKSHARE%26cm_mmc%3DLINKSHARE-_-n-_-n-_-n"" rel=""nofollow""><IMG border=0 src=""https://images.bloomingdalesassets.com/is/image/BLM/products/6/optimized/10773914_fpx.tif?wid=300&qlt=100,0&layer=comp&op_sharpen=0&resMode=bilin&op_usm=0.7,1.0,0.5,0&fmt=jpeg&4msn=.jpg"" ></a><IMG border=0 width=1 height=1 src=""https://ad.linksynergy.com/fs-bin/show?id=DEoPybET1Dw&bids=777348.607845040460&type=2&subid=0"" >","Bloomingdale's","Nars Blush","607845040460","30.0","Beauty & Cosmetics"
"<a href=""https://click.linksynergy.com/link?id=DEoPybET1Dw&offerid=777348.9341824010068&type=2&murl=https%3A%2F%2Fwww.bloomingdales.com%2Fshop%2Fproduct%2Flano-baby-rose-gold-101-ointment-lip-cheek-tint-0.32-oz.%3FID%3D3665958%26PartnerID%3DLINKSHARE%26cm_mmc%3DLINKSHARE-_-n-_-n-_-n"" rel=""nofollow""><IMG border=0 src=""https://images.bloomingdalesassets.com/is/image/BLM/products/5/optimized/10915065_fpx.tif?wid=300&qlt=100,0&layer=comp&op_sharpen=0&resMode=bilin&op_usm=0.7,1.0,0.5,0&fmt=jpeg&4msn=.jpg"" ></a><IMG border=0 width=1 height=1 src=""https://ad.linksynergy.com/fs-bin/show?id=DEoPybET1Dw&bids=777348.9341824010068&type=2&subid=0"" >","Bloomingdale's","Lano Baby Rose Gold 101 Ointment Lip & Cheek Tint 0.32 oz.","9341824010068","17.0","Beauty & Cosmetics"
"<a href=""https://click.linksynergy.com/link?id=DEoPybET1Dw&offerid=777348.3274872336858&type=2&murl=https%3A%2F%2Fwww.bloomingdales.com%2Fshop%2Fproduct%2Fgivenchy-waterproof-lip-liner%3FID%3D3465681%26PartnerID%3DLINKSHARE%26cm_mmc%3DLINKSHARE-_-n-_-n-_-n"" rel=""nofollow""><IMG border=0 src=""https://images.bloomingdalesassets.com/is/image/BLM/products/4/optimized/10544946_fpx.tif?wid=300&qlt=100,0&layer=comp&op_sharpen=0&resMode=bilin&op_usm=0.7,1.0,0.5,0&fmt=jpeg&4msn=.jpg"" ></a><IMG border=0 width=1 height=1 src=""https://ad.linksynergy.com/fs-bin/show?id=DEoPybET1Dw&bids=777348.3274872336858&type=2&subid=0"" >","Bloomingdale's","Givenchy Waterproof Lip Liner","3274872336858","29.0","Beauty & Cosmetics"
"<a href=""https://click.linksynergy.com/link?id=DEoPybET1Dw&offerid=777348.9341824006917&type=2&murl=https%3A%2F%2Fwww.bloomingdales.com%2Fshop%2Fproduct%2Flano-101-ointment-fruities-trio%3FID%3D4121431%26PartnerID%3DLINKSHARE%26cm_mmc%3DLINKSHARE-_-n-_-n-_-n"" rel=""nofollow""><IMG border=0 src=""https://images.bloomingdalesassets.com/is/image/BLM/products/7/optimized/11687767_fpx.tif?wid=300&qlt=100,0&layer=comp&op_sharpen=0&resMode=bilin&op_usm=0.7,1.0,0.5,0&fmt=jpeg&4msn=.jpg"" ></a><IMG border=0 width=1 height=1 src=""https://ad.linksynergy.com/fs-bin/show?id=DEoPybET1Dw&bids=777348.9341824006917&type=2&subid=0"" >","Bloomingdale's","Lano 101 Ointment Fruities Trio","9341824006917","32.0","Beauty & Cosmetics"
"<a href=""https://click.linksynergy.com/link?id=DEoPybET1Dw&offerid=777348.5056379590555&type=2&murl=https%3A%2F%2Fwww.bloomingdales.com%2Fshop%2Fproduct%2Fchristophe-robin-cleansing-purifying-scrub-2.5-oz.%3FID%3D4076438%26PartnerID%3DLINKSHARE%26cm_mmc%3DLINKSHARE-_-n-_-n-_-n"" rel=""nofollow""><IMG border=0 src=""https://images.bloomingdalesassets.com/is/image/BLM/products/3/optimized/11704233_fpx.tif?wid=300&qlt=100,0&layer=comp&op_sharpen=0&resMode=bilin&op_usm=0.7,1.0,0.5,0&fmt=jpeg&4msn=.jpg"" ></a><IMG border=0 width=1 height=1 src=""https://ad.linksynergy.com/fs-bin/show?id=DEoPybET1Dw&bids=777348.5056379590555&type=2&subid=0"" >","Bloomingdale's","Christophe Robin Cleansing Purifying Scrub 2.5 oz.","5056379590555","19.0","Beauty & Cosmetics"
"<a href=""https://click.linksynergy.com/link?id=DEoPybET1Dw&offerid=777348.889809007690&type=2&murl=https%3A%2F%2Fwww.bloomingdales.com%2Fshop%2Fproduct%2Fglamglow-gentlebubble-daily-conditioning-cleanser%3FID%3D3277658%26PartnerID%3DLINKSHARE%26cm_mmc%3DLINKSHARE-_-n-_-n-_-n"" rel=""nofollow""><IMG border=0 src=""https://images.bloomingdalesassets.com/is/image/BLM/products/1/optimized/10239651_fpx.tif?wid=300&qlt=100,0&layer=comp&op_sharpen=0&resMode=bilin&op_usm=0.7,1.0,0.5,0&fmt=jpeg&4msn=.jpg"" ></a><IMG border=0 width=1 height=1 src=""https://ad.linksynergy.com/fs-bin/show?id=DEoPybET1Dw&bids=777348.889809007690&type=2&subid=0"" >","Bloomingdale's","Glamglow Gentlebubble Daily Conditioning Cleanser","889809007690","29.0","Beauty & Cosmetics"
"<a href=""https://click.linksynergy.com/link?id=DEoPybET1Dw&offerid=777348.689304153287&type=2&murl=https%3A%2F%2Fwww.bloomingdales.com%2Fshop%2Fproduct%2Fanastasia-beverly-hills-eyeshadow-single%3FID%3D3272635%26PartnerID%3DLINKSHARE%26cm_mmc%3DLINKSHARE-_-n-_-n-_-n"" rel=""nofollow""><IMG border=0 src=""https://images.bloomingdalesassets.com/is/image/BLM/products/4/optimized/10220441_fpx.tif?wid=300&qlt=100,0&layer=comp&op_sharpen=0&resMode=bilin&op_usm=0.7,1.0,0.5,0&fmt=jpeg&4msn=.jpg"" ></a><IMG border=0 width=1 height=1 src=""https://ad.linksynergy.com/fs-bin/show?id=DEoPybET1Dw&bids=777348.689304153287&type=2&subid=0"" >","Bloomingdale's","Anastasia Beverly Hills Eyeshadow Single","689304153287","12.0","Beauty & Cosmetics"
"<a href=""https://click.linksynergy.com/link?id=DEoPybET1Dw&offerid=777348.689304321099&type=2&murl=https%3A%2F%2Fwww.bloomingdales.com%2Fshop%2Fproduct%2Fanastasia-beverly-hills-liquid-lipstick%3FID%3D3248041%26PartnerID%3DLINKSHARE%26cm_mmc%3DLINKSHARE-_-n-_-n-_-n"" rel=""nofollow""><IMG border=0 src=""https://images.bloomingdalesassets.com/is/image/BLM/products/6/optimized/10223648_fpx.tif?wid=300&qlt=100,0&layer=comp&op_sharpen=0&resMode=bilin&op_usm=0.7,1.0,0.5,0&fmt=jpeg&4msn=.jpg"" ></a><IMG border=0 width=1 height=1 src=""https://ad.linksynergy.com/fs-bin/show?id=DEoPybET1Dw&bids=777348.689304321099&type=2&subid=0"" >","Bloomingdale's","Anastasia Beverly Hills Liquid Lipstick","689304321099","20.0","Beauty & Cosmetics"
